County,SeriesId,Fips_ID,State
Autauga,ALAUTA1URN,01001,AL
Baldwin,ALBALD0URN,01003,AL
Barbour,ALBARB5URN,01005,AL
Bibb,ALBIBB7URN,01007,AL
Blount,ALBLOU9URN,01009,AL
Bullock,ALBULL1URN,01011,AL
Butler,ALBUTL3URN,01013,AL
Calhoun,ALCALH5URN,01015,AL
Chambers,ALCHAM7URN,01017,AL
Cherokee,ALCHER9URN,01019,AL
Chilton,ALCHIL1URN,01021,AL
Choctaw,ALCHOC3URN,01023,AL
Clarke,ALCLAR5URN,01025,AL
Clay,ALCLAY7URN,01027,AL
Cleburne,ALCLEB9URN,01029,AL
Coffee,ALCOFF1URN,01031,AL
Colbert,ALCOLB0URN,01033,AL
Conecuh,ALCONE5URN,01035,AL
Coosa,ALCOOS7URN,01037,AL
Covington,ALCOVI9URN,01039,AL
Crenshaw,ALCREN1URN,01041,AL
Cullman,ALCULL0URN,01043,AL
Dale,ALDALE5URN,01045,AL
Dallas,ALDALL0URN,01047,AL
DeKalb,ALDEKA7URN,01049,AL
Elmore,ALELMO1URN,01051,AL
Escambia,ALESCA3URN,01053,AL
Etowah,ALETOW1URN,01055,AL
Fayette,ALFAYE7URN,01057,AL
Franklin,OHFRAN0URN,01059,AL
Geneva,ALGENE1URN,01061,AL
Greene,ALGREE3URN,01063,AL
Hale,ALHALE5URN,01065,AL
Henry,ALHENR7URN,01067,AL
Houston,ALHOUS5URN,01069,AL
Jackson,ALJACK7URN,01071,AL
Jefferson,ALJEFF5URN,01073,AL
Lamar,ALLAMA5URN,01075,AL
Lauderdale,ALLAUD0URN,01077,AL
Lawrence,ALLAWR9URN,01079,AL
Lee,ALLEEC5URN,01081,AL
Limestone,ALLIME3URN,01083,AL
Lowndes,ALLOWN5URN,01085,AL
Macon,ILMACO2URN,01087,AL
Madison,ALMADI9URN,01089,AL
Marengo,ALMARE1URN,01091,AL
Marion,GAMARI7URN,01093,AL
Marshall,ALMARS0URN,01095,AL
Mobile,ALMOBI7URN,01097,AL
Monroe,ALMONR9URN,01099,AL
Montgomery,ALAUTA1URN,01101,AL
Morgan,ALMORG5URN,01103,AL
Perry,ALPERR5URN,01105,AL
Pickens,ALPICK7URN,01107,AL
Pike,ALPIKE9URN,01109,AL
Randolph,ALRAND1URN,01111,AL
Russell,ALRUSS3URN,01113,AL
St. Clair,ALSTCL5URN,01115,AL
Shelby,ALSHEL0URN,01117,AL
Sumter,ALSUMT9URN,01119,AL
Talladega,ALTALL0URN,01121,AL
Tallapoosa,ALTALL3URN,01123,AL
Tuscaloosa,ALTUSC2URN,01125,AL
Walker,ALWALK5URN,01127,AL
Washington,ALWASH9URN,01129,AL
Wilcox,ALWILC1URN,01131,AL
Winston,ALWINS3URN,01133,AL
Aleutians East,AKALEU3URN,02013,AK
Aleutians West,AKALEU0URN,02016,AK
Anchorage,AKMATA0URN,02020,AK
Bethel,AKBETH0URN,02050,AK
Bristol Bay,AKBRIS0URN,02060,AK
Denali,AKDENA8URN,02068,AK
Dillingham,AKDILL0URN,02070,AK
Fairbanks North Star,AKFAIR0URN,02090,AK
Haines,AKHAIN0URN,02100,AK
Hoonah-Angoon,LAUCN021050000000003,02105,AK
Juneau,AKJUNE0URN,02110,AK
Kenai Peninsula,AKKENA2URN,02122,AK
Ketchikan Gateway,AKKETC0URN,02130,AK
Kodiak Island,AKKODI0URN,02150,AK
Kusilvak,LAUCN021580000000003,02158,AK
Lake and Peninsula,AKLAKE4URN,02164,AK
Matanuska-Susitna,AKMATA0URN,02170,AK
Nome,AKNOME0URN,02180,AK
North Slope,AKNORT5URN,02185,AK
Northwest Arctic,AKNORT8URN,02188,AK
Petersburg,AKWRAN0URN,02195,AK
Prince of Wales-Hyder,LAUCN021980000000003,02198,AK
Sitka,AKSITK0URN,02220,AK
Skagway,LAUCN022300000000003,02230,AK
Southeast Fairbanks,AKSOUT0URN,02240,AK
Valdez-Cordova,AKVALD1URN,02261,AK
Wrangell,LAUCT028638000000003,02275,AK
Yakutat,AKYAKA2URN,02282,AK
Yukon-Koyukuk,AKYUKO0URN,02290,AK
Apache,AZAPAC0URN,04001,AZ
Cochise,AZCOCH0URN,04003,AZ
Coconino,AZCOCO0URN,04005,AZ
Gila,AZGILA7URN,04007,AZ
Graham,AZGRAH9URN,04009,AZ
Greenlee,AZGREE1URN,04011,AZ
La Paz,AZLAPA2URN,04012,AZ
Maricopa,AZMARI3URN,04013,AZ
Mohave,AZMOHA0URN,04015,AZ
Navajo,AZNAVA5URN,04017,AZ
Pima,AZPIMA9URN,04019,AZ
Pinal,AZPINA5URN,04021,AZ
Santa Cruz,AZSANT3URN,04023,AZ
Yavapai,AZYAVA0URN,04025,AZ
Yuma,AZYUMA0URN,04027,AZ
Arkansas,ARBEURN,05001,AR
Ashley,ARASURN,05003,AR
Baxter,ARBAURN,05005,AR
Benton,ARBEURN,05007,AR
Boone,ARBOURN,05009,AR
Bradley,ARBRURN,05011,AR
Calhoun,ARCAURN,05013,AR
Carroll,ARCRURN,05015,AR
Chicot,ARCHURN,05017,AR
Clark,ARCLURN,05019,AR
Clay,ARCYURN,05021,AR
Cleburne,ARCEURN,05023,AR
Cleveland,ARCVURN,05025,AR
Columbia,ARCOURN,05027,AR
Conway,ARFAURN,05029,AR
Craighead,ARCIURN,05031,AR
Crawford,ARCWURN,05033,AR
Crittenden,ARCTURN,05035,AR
Cross,ARCSURN,05037,AR
Dallas,ARDAURN,05039,AR
Desha,ARDEURN,05041,AR
Drew,ARDRURN,05043,AR
Faulkner,ARFAURN,05045,AR
Franklin,ARFRURN,05047,AR
Fulton,ARFUURN,05049,AR
Garland,ARGAURN,05051,AR
Grant,ARGRURN,05053,AR
Greene,ARGEURN,05055,AR
Hempstead,ARHEURN,05057,AR
Hot Spring,ARGAURN,05059,AR
Howard,ARHWURN,05061,AR
Independence,ARINURN,05063,AR
Izard,ARIZURN,05065,AR
Jackson,ARJAURN,05067,AR
Jefferson,ARJEURN,05069,AR
Johnson,ARJOURN,05071,AR
Lafayette,ARLAURN,05073,AR
Lawrence,ARLWURN,05075,AR
Lee,ARLEURN,05077,AR
Lincoln,ARLIURN,05079,AR
Little River,ARLTURN,05081,AR
Logan,ARLOURN,05083,AR
Lonoke,ARLNURN,05085,AR
Madison,ARMAURN,05087,AR
Marion,ARMRURN,05089,AR
Miller,ARMIURN,05091,AR
Mississippi,MSTUURN,05093,AR
Monroe,ARMOURN,05095,AR
Montgomery,ARMNURN,05097,AR
Nevada,ARNEURN,05099,AR
Newton,ARNWURN,05101,AR
Ouachita,AROUURN,05103,AR
Perry,ARPEURN,05105,AR
Phillips,ARPHURN,05107,AR
Pike,ARPIURN,05109,AR
Poinsett,ARPOURN,05111,AR
Polk,ARPLURN,05113,AR
Pope,ARPPURN,05115,AR
Prairie,ARPRURN,05117,AR
Pulaski,ARPUURN,05119,AR
Randolph,ARRAURN,05121,AR
St. Francis,ARSTURN,05123,AR
Saline,ARSAURN,05125,AR
Scott,ARSCURN,05127,AR
Searcy,ARSEURN,05129,AR
Sebastian,ARSBURN,05131,AR
Sevier,ARSVURN,05133,AR
Sharp,ARSHURN,05135,AR
Stone,ARSOURN,05137,AR
Union,ARUNURN,05139,AR
Van Buren,ARVAURN,05141,AR
Washington,ARWAURN,05143,AR
White,ARWHURN,05145,AR
Woodruff,ARWOURN,05147,AR
Yell,ARYEURN,05149,AR
Alameda,CAALAM1URN,06001,CA
Alpine,CAALPI3URN,06003,CA
Amador,CAAMAD5URN,06005,CA
Butte,CABUTT5URN,06007,CA
Calaveras,CACALA9URN,06009,CA
Colusa,CACOLU1URN,06011,CA
Contra Costa,CACONT3URN,06013,CA
Del Norte,CADELN5URN,06015,CA
El Dorado,CAELDO5URN,06017,CA
Fresno,CAFRES9URN,06019,CA
Glenn,CAGLEN1URN,06021,CA
Humboldt,CAHUMB0URN,06023,CA
Imperial,CAIMPE5URN,06025,CA
Inyo,CAINYO7URN,06027,CA
Kern,CAKERN0URN,06029,CA
Kings,CAKING3URN,06031,CA
Lake,CALAKE3URN,06033,CA
Lassen,CALASS5URN,06035,CA
Los Angeles,CALOSA7URN,06037,CA
Madera,CAMADE0URN,06039,CA
Marin,CAMARI5URN,06041,CA
Mariposa,CAMARI3URN,06043,CA
Mendocino,CAMEND5URN,06045,CA
Merced,CAMERC0URN,06047,CA
Modoc,CAMODO9URN,06049,CA
Mono,CAMONO1URN,06051,CA
Monterey,CAMONT2URN,06053,CA
Napa,CANAPA0URN,06055,CA
Nevada,CANEVA0URN,06057,CA
Orange,CALOSA7URN,06059,CA
Placer,CAPLAC0URN,06061,CA
Plumas,CAPLUM3URN,06063,CA
Riverside,CALOSA7URN,06065,CA
Sacramento,CASACR5URN,06067,CA
Lafayette,FLLAFA7URN,12067,FL
Lake,FLLAKE4URN,12069,FL
Lee,FLLEEC7URN,12071,FL
Leon,FLLEON3URN,12073,FL
Levy,FLLEVY5URN,12075,FL
Liberty,FLLIBE7URN,12077,FL
Madison,FLMADI9URN,12079,FL
Manatee,FLMANA1URN,12081,FL
Marion,FLMARI7URN,12083,FL
Martin,FLMART7URN,12085,FL
Miami-Dade,FLMIAM6URN,12086,FL
Monroe,FLMONR5URN,12087,FL
Nassau,FLNASS9URN,12089,FL
Okaloosa,FLOKAL7URN,12091,FL
Okeechobee,FLOKEE3URN,12093,FL
Orange,FLORAN0URN,12095,FL
Osceola,FLOSCE7URN,12097,FL
Palm Beach,FLPALM2URN,12099,FL
Pasco,FLPASC5URN,12101,FL
Pinellas,FLPINE5URN,12103,FL
Polk,FLPOLK5URN,12105,FL
Putnam,FLPUTN7URN,12107,FL
St. Johns,FLSTJO9URN,12109,FL
St. Lucie,FLMART7URN,12111,FL
Santa Rosa,FLSANT7URN,12113,FL
Sarasota,FLSARA5URN,12115,FL
Seminole,FLSEMI0URN,12117,FL
Sumter,FLSUMT9URN,12119,FL
Suwannee,FLSUWA1URN,12121,FL
Taylor,FLTAYL3URN,12123,FL
Union,FLUNIO5URN,12125,FL
Volusia,FLVOLU7URN,12127,FL
Wakulla,FLWAKU9URN,12129,FL
Walton,FLOKAL7URN,12131,FL
Washington,FLWASH3URN,12133,FL
Appling,GAAPPL1URN,13001,GA
Atkinson,GAATKI3URN,13003,GA
Bacon,GABACO5URN,13005,GA
Baker,GABAKE7URN,13007,GA
Baldwin,GABALD9URN,13009,GA
Banks,GABANK1URN,13011,GA
Barrow,GABARR3URN,13013,GA
Bartow,GABART5URN,13015,GA
Ben Hill,GABENH7URN,13017,GA
Berrien,GABERR9URN,13019,GA
Bibb,MACO413UR,13021,GA
Bleckley,GABLEC3URN,13023,GA
Brantley,GABRAN5URN,13025,GA
Brooks,GABROO7URN,13027,GA
Bryan,GABRYA9URN,13029,GA
Bulloch,GABULL1URN,13031,GA
Burke,GABURK3URN,13033,GA
Butts,GABUTT5URN,13035,GA
Calhoun,GACALH7URN,13037,GA
Camden,GACAMD9URN,13039,GA
Candler,GACAND3URN,13043,GA
Carroll,GACARR0URN,13045,GA
Catoosa,GACATO7URN,13047,GA
Charlton,GACHAR9URN,13049,GA
Chatham,GACHAT9URN,13051,GA
Chattahoochee,GACHAT3URN,13053,GA
Chattooga,GACHAT5URN,13055,GA
Cherokee,GACHER5URN,13057,GA
Clarke,ATHE013URN,13059,GA
Clay,GACLAY1URN,13061,GA
Clayton,GACLAY5URN,13063,GA
Clinch,GACLIN5URN,13065,GA
Cobb,GACOBB0URN,13067,GA
Coffee,GACOFF9URN,13069,GA
Colquitt,GACOLQ1URN,13071,GA
Columbia,GACOLU3URN,13073,GA
Cook,GACOOK5URN,13075,GA
Coweta,GACOWE7URN,13077,GA
Crawford,GACRAW9URN,13079,GA
Crisp,GACRIS1URN,13081,GA
Dade,GADADE3URN,13083,GA
Dawson,GADAWS5URN,13085,GA
Decatur,GADECA7URN,13087,GA
DeKalb,GADEKA9URN,13089,GA
Dodge,GADODG1URN,13091,GA
Dooly,GADOOL3URN,13093,GA
Dougherty,GADOUG5URN,13095,GA
Douglas,GADOUG0URN,13097,GA
Early,GAEARL9URN,13099,GA
Echols,GAECHO1URN,13101,GA
Effingham,GAEFFI3URN,13103,GA
Elbert,GAELBE5URN,13105,GA
Emanuel,GAEMAN7URN,13107,GA
Evans,GAEVAN9URN,13109,GA
Fannin,GAFANN1URN,13111,GA
Fayette,GAFAYE3URN,13113,GA
Floyd,GAFLOY0URN,13115,GA
Forsyth,GAFORS7URN,13117,GA
Franklin,OHFRAN0URN,13119,GA
Fulton,GAFULT1URN,13121,GA
Gilmer,GAGILM3URN,13123,GA
Glascock,GAGLAS5URN,13125,GA
Glynn,GAGLYN5URN,13127,GA
Gordon,GAGORD9URN,13129,GA
Grady,GAGRAD1URN,13131,GA
Greene,GAGREE3URN,13133,GA
Gwinnett,GAGWIN7URN,13135,GA
Habersham,GAHABE7URN,13137,GA
Hall,GAHALL0URN,13139,GA
Hancock,GAHANC1URN,13141,GA
Haralson,GAHARA3URN,13143,GA
Harris,GAHARR5URN,13145,GA
Hart,GAHART7URN,13147,GA
Heard,GAHEAR9URN,13149,GA
Henry,GAHENR1URN,13151,GA
Houston,GAHOUS5URN,13153,GA
Irwin,GAIRWI5URN,13155,GA
Jackson,GAJACK7URN,13157,GA
Jasper,GAJASP9URN,13159,GA
Jeff Davis,GAJEFF1URN,13161,GA
Jefferson,GAJEFF3URN,13163,GA
Jenkins,GAJENK5URN,13165,GA
Johnson,GAJOHN7URN,13167,GA
Jones,GAJONE9URN,13169,GA
Lamar,GALAMA1URN,13171,GA
Lanier,GALANI3URN,13173,GA
Laurens,GALAUR5URN,13175,GA
Lee,GALEEC7URN,13177,GA
Liberty,GALIBE9URN,13179,GA
Lincoln,GALINC1URN,13181,GA
Long,GALONG3URN,13183,GA
Lowndes,GALOWN5URN,13185,GA
Lumpkin,GALUMP7URN,13187,GA
McDuffie,GAMCDU9URN,13189,GA
McIntosh,GAMCIN1URN,13191,GA
Macon,MACO413UR,13193,GA
Madison,OHMADI7URN,13195,GA
Marion,GAMARI7URN,13197,GA
Meriwether,GAMERI9URN,13199,GA
Miller,GAMILL1URN,13201,GA
Mitchell,GAMITC5URN,13205,GA
Monroe,GAMONR7URN,13207,GA
Montgomery,GAMONT9URN,13209,GA
Morgan,GAMORG1URN,13211,GA
Murray,GAMURR3URN,13213,GA
Muscogee,GAMUSC0URN,13215,GA
Newton,GANEWT7URN,13217,GA
Oconee,GAOCON9URN,13219,GA
Oglethorpe,GAOGLE1URN,13221,GA
Paulding,GAPAUL3URN,13223,GA
Peach,GAPEAC5URN,13225,GA
Pickens,GAPICK7URN,13227,GA
Pierce,GAPIER9URN,13229,GA
Pike,GAPIKE1URN,13231,GA
Polk,GAPOLK3URN,13233,GA
Pulaski,GAPULA5URN,13235,GA
Putnam,GAPUTN7URN,13237,GA
Quitman,GAQUIT9URN,13239,GA
Rabun,GARABU1URN,13241,GA
Randolph,GARAND3URN,13243,GA
Richmond,AUGU213URN,13245,GA
Rockdale,GAROCK7URN,13247,GA
Schley,GASCHL9URN,13249,GA
Screven,GASCRE1URN,13251,GA
Seminole,GASEMI3URN,13253,GA
Spalding,GASPAL5URN,13255,GA
Stephens,GASTEP7URN,13257,GA
Stewart,GALIBE9URN,13259,GA
Sumter,GASUMT1URN,13261,GA
Talbot,GATALB3URN,13263,GA
Taliaferro,GATALI5URN,13265,GA
Tattnall,GATATT7URN,13267,GA
Taylor,GATAYL9URN,13269,GA
Telfair,GATELF1URN,13271,GA
Worth,GAWORT1URN,13321,GA
Hawaii,HIHONO7URN,15001,HI
Honolulu,HIHONO7URN,15003,HI
Kauai,HIKAUA7URN,15007,HI
Maui,HIMAUI5URN,15009,HI
Ada,IDADAC1URN,16001,ID
Adams,IDADAM3URN,16003,ID
Bannock,IDBANN5URN,16005,ID
Bear Lake,IDBEAR7URN,16007,ID
Benewah,IDBENE9URN,16009,ID
Bingham,IDBING1URN,16011,ID
Blaine,IDBLAI3URN,16013,ID
Boise,IDADAC1URN,16015,ID
Bonner,IDBONN7URN,16017,ID
Bonneville,IDBONN0URN,16019,ID
Boundary,IDBOUN1URN,16021,ID
Butte,IDBUTT3URN,16023,ID
Camas,IDCAMA5URN,16025,ID
Canyon,IDCANY5URN,16027,ID
Caribou,IDCARI9URN,16029,ID
Cassia,IDCASS1URN,16031,ID
Clark,IDCLAR3URN,16033,ID
Clearwater,IDCLEA5URN,16035,ID
Custer,IDCUST7URN,16037,ID
Elmore,IDELMO9URN,16039,ID
Franklin,IDFRAN1URN,16041,ID
Fremont,IDFREM3URN,16043,ID
Gem,IDGEMC5URN,16045,ID
Gooding,IDGOOD7URN,16047,ID
Idaho,IDADAC1URN,16049,ID
Jefferson,IDJEFF1URN,16051,ID
Jerome,IDJERO3URN,16053,ID
Kootenai,IDKOOT0URN,16055,ID
Latah,IDLATA7URN,16057,ID
Lemhi,IDLEMH9URN,16059,ID
Lewis,IDLEWI1URN,16061,ID
Lincoln,IDLINC3URN,16063,ID
Madison,IDMADI5URN,16065,ID
Minidoka,IDMINI7URN,16067,ID
Nez Perce,IDNEZP9URN,16069,ID
Oneida,IDONEI1URN,16071,ID
Owyhee,IDOWYH3URN,16073,ID
Payette,IDPAYE5URN,16075,ID
Power,IDPOWE7URN,16077,ID
Shoshone,IDSHOS9URN,16079,ID
Teton,IDTETO1URN,16081,ID
Twin Falls,IDTWIN5URN,16083,ID
Valley,IDVALL5URN,16085,ID
Washington,WAASOT3URN,16087,ID
Adams,ILADURN,17001,IL
Alexander,ILALURN,17003,IL
Bond,ILBOURN,17005,IL
Boone,ILBOON7URN,17007,IL
Brown,ILBRURN,17009,IL
Bureau,ILCOOK1URN,17011,IL
Calhoun,ILCAURN,17013,IL
Carroll,ILCARR5URN,17015,IL
Cass,ILCASS7URN,17017,IL
Champaign,ILCHAM9URN,17019,IL
Christian,MOCIURN,17021,IL
Clark,OHCLAR5URN,17023,IL
Clay,ILCYURN,17025,IL
Clinton,ILCNURN,17027,IL
Coles,ILCOLE3URN,17029,IL
Cook,ILCOOK1URN,17031,IL
Crawford,ILCWURN,17033,IL
Cumberland,ILCUMB5URN,17035,IL
DeKalb,ILDEKA5URN,17037,IL
De Witt,ILDEWI9URN,17039,IL
Douglas,ILDOUG1URN,17041,IL
DuPage,ILDUPA0URN,17043,IL
Edgar,ILEDGA5URN,17045,IL
Edwards,ILEWURN,17047,IL
Effingham,ILEFURN,17049,IL
Fayette,ILFAURN,17051,IL
Ford,ILFORD3URN,17053,IL
Franklin,MAFRAN1URN,17055,IL
Fulton,ILFULT7URN,17057,IL
Gallatin,ILGAURN,17059,IL
Greene,MOGRURN,17061,IL
Grundy,ILGRUN3URN,17063,IL
Hamilton,ILHAURN,17065,IL
Hancock,ILHANC7URN,17067,IL
Hardin,ILHRURN,17069,IL
Henderson,ILHEND1URN,17071,IL
Henry,ILHENR0URN,17073,IL
Iroquois,ILIROQ5URN,17075,IL
Jackson,ILJAURN,17077,IL
Jasper,INJASP3URN,17079,IL
Jefferson,MOJEURN,17081,IL
Jersey,ILJRURN,17083,IL
Jo Daviess,ILJODA5URN,17085,IL
Johnson,ILJHURN,17087,IL
Kane,ILKANE2URN,17089,IL
Kankakee,ILKANK0URN,17091,IL
Kendall,ILKEND3URN,17093,IL
Knox,ILKNOX5URN,17095,IL
Lake,ILLAKE7URN,17097,IL
Lawrence,ALLAWR9URN,17101,IL
Lee,ILLEEC3URN,17103,IL
Livingston,ILLIVI5URN,17105,IL
Logan,ILLOGA7URN,17107,IL
McDonough,ILMCDO9URN,17109,IL
McHenry,ILMCHE0URN,17111,IL
McLean,ILMCLE2URN,17113,IL
Macon,ILMACO2URN,17115,IL
Macoupin,ILMOURN,17117,IL
Madison,ILMDURN,17119,IL
Marion,ILMRURN,17121,IL
Marshall,ILMARS3URN,17123,IL
Mason,ILMASO5URN,17125,IL
Massac,ILMUURN,17127,IL
Menard,ILMENA9URN,17129,IL
Mercer,ILMERC1URN,17131,IL
Monroe,INMONR5URN,17133,IL
Montgomery,ILMGURN,17135,IL
Morgan,ALMORG5URN,17137,IL
Moultrie,ILMOUL9URN,17139,IL
Ogle,ILOGLE1URN,17141,IL
Peoria,ILPEOR3URN,17143,IL
Perry,ILPRURN,17145,IL
Piatt,ILPIAT7URN,17147,IL
Pike,ILPKURN,17149,IL
Pope,ILPOURN,17151,IL
Pulaski,ILPUURN,17153,IL
Putnam,ILPUTN5URN,17155,IL
Randolph,ILRAURN,17157,IL
Richland,ILRIURN,17159,IL
Rock Island,ILHENR0URN,17161,IL
St. Clair,ILSTURN,17163,IL
Saline,ILSAURN,17165,IL
Sangamon,ILSANG7URN,17167,IL
Schuyler,ILSCHU9URN,17169,IL
Scott,IASCOT3URN,17171,IL
Shelby,ILSHEL3URN,17173,IL
Stark,ILSTAR5URN,17175,IL
Stephenson,ILSTEP7URN,17177,IL
Tazewell,ILTAZE5URN,17179,IL
Union,ILUNURN,17181,IL
Vermilion,ILVERM0URN,17183,IL
Wabash,ILWAURN,17185,IL
Warren,ILWARR7URN,17187,IL
Washington,MOWSURN,17189,IL
Wayne,ILWYURN,17191,IL
White,ILWHURN,17193,IL
Whiteside,ILWHIT5URN,17195,IL
Will,ILCOOK1URN,17197,IL
Williamson,ILWMURN,17199,IL
Winnebago,ILWINN1URN,17201,IL
Woodford,ILWOOD3URN,17203,IL
Adams,INADAM1URN,18001,IN
Allen,INALLE3URN,18003,IN
Bartholomew,INBART5URN,18005,IN
Benton,INBENT7URN,18007,IN
Blackford,INBLAC9URN,18009,IN
Boone,INBOON1URN,18011,IN
Brown,INBROW3URN,18013,IN
Carroll,INCARR5URN,18015,IN
Cass,INCASS7URN,18017,IN
Clark,INCLURN,18019,IN
Clay,INCLAY1URN,18021,IN
Clinton,INCLIN3URN,18023,IN
Crawford,INCRURN,18025,IN
Daviess,INDAURN,18027,IN
Dearborn,INDEAR9URN,18029,IN
Decatur,INDECA1URN,18031,IN
DeKalb,INDEKA3URN,18033,IN
Delaware,INDELA5URN,18035,IN
Dubois,INDUURN,18037,IN
Elkhart,INELKH0URN,18039,IN
Fayette,INFAYE1URN,18041,IN
Floyd,INFLURN,18043,IN
Fountain,INFOUN5URN,18045,IN
Franklin,INFRAN7URN,18047,IN
Fulton,INFULT9URN,18049,IN
Gibson,INGIURN,18051,IN
Grant,INGRAN0URN,18053,IN
Greene,INGEURN,18055,IN
Hamilton,INHAMI5URN,18057,IN
Hancock,INHANC9URN,18059,IN
Harrison,INHRURN,18061,IN
Hendricks,INHEND0URN,18063,IN
Henry,INHENR5URN,18065,IN
Howard,INHOWA7URN,18067,IN
Huntington,INHUNT9URN,18069,IN
Jackson,INJAURN,18071,IN
Jasper,INJASP3URN,18073,IN
Jay,INJAYC5URN,18075,IN
Jefferson,LOIUR,18077,IN
Jennings,INJENN9URN,18079,IN
Johnson,INJOHN5URN,18081,IN
Knox,INKNURN,18083,IN
Kosciusko,INKOSC5URN,18085,IN
LaGrange,INLAGR7URN,18087,IN
Lake,INLAKE9URN,18089,IN
LaPorte,INLAPO0URN,18091,IN
Lawrence,INLWURN,18093,IN
Chase,KSCHAS7URN,20017,KS
Chautauqua,KSCHAU9URN,20019,KS
Cherokee,KSCHER1URN,20021,KS
Cheyenne,KSCHEY3URN,20023,KS
Clark,KSCLAR5URN,20025,KS
Clay,MOCLAY7URN,20027,KS
Cloud,KSCLOU9URN,20029,KS
Coffey,KSCOFF1URN,20031,KS
Comanche,KSCOMA3URN,20033,KS
Cowley,KSCOWL5URN,20035,KS
Crawford,KSCRAW7URN,20037,KS
Decatur,KSDECA9URN,20039,KS
Dickinson,KSDICK1URN,20041,KS
Doniphan,KSDONI3URN,20043,KS
Douglas,KSDOUG5URN,20045,KS
Edwards,KSEDWA7URN,20047,KS
Elk,KSELKC9URN,20049,KS
Ellis,KSELLI1URN,20051,KS
Ellsworth,KSELLS3URN,20053,KS
Finney,KSFINN5URN,20055,KS
Ford,KSFORD7URN,20057,KS
Franklin,KSFRAN9URN,20059,KS
Geary,KSGEAR1URN,20061,KS
Gove,KSGOVE3URN,20063,KS
Graham,KSGRAH5URN,20065,KS
Grant,KSGRAN7URN,20067,KS
Gray,KSGRAY9URN,20069,KS
Greeley,KSGREE1URN,20071,KS
Greenwood,KSGREE3URN,20073,KS
Hamilton,KSHAMI5URN,20075,KS
Harper,KSHARP7URN,20077,KS
Harvey,KSHARV9URN,20079,KS
Haskell,KSHASK1URN,20081,KS
Hodgeman,KSHODG3URN,20083,KS
Jackson,MOJACK5URN,20085,KS
Jefferson,KSJEFF7URN,20087,KS
Jewell,KSJEWE9URN,20089,KS
Johnson,KSJOHN1URN,20091,KS
Kearny,KSKEAR3URN,20093,KS
Kingman,KSKING5URN,20095,KS
Kiowa,KSKIOW7URN,20097,KS
Labette,KSLABE9URN,20099,KS
Lane,KSLANE1URN,20101,KS
Leavenworth,KSLEAV0URN,20103,KS
Lincoln,KSLINC5URN,20105,KS
Linn,KSLINN7URN,20107,KS
Logan,KSLOGA9URN,20109,KS
Lyon,KSLYON1URN,20111,KS
McPherson,KSMCPH3URN,20113,KS
Marion,KSMARI5URN,20115,KS
Marshall,KSMARS7URN,20117,KS
Meade,KSMEAD9URN,20119,KS
Miami,KSMIAM1URN,20121,KS
Mitchell,KSMITC3URN,20123,KS
Montgomery,KSMONT5URN,20125,KS
Morris,KSMORR7URN,20127,KS
Morton,KSMORT9URN,20129,KS
Nemaha,KSNEMA1URN,20131,KS
Neosho,KSNEOS3URN,20133,KS
Ness,KSNESS5URN,20135,KS
Norton,KSNORT7URN,20137,KS
Osage,KSOSAG9URN,20139,KS
Osborne,KSOSBO1URN,20141,KS
Ottawa,KSOTTA3URN,20143,KS
Pawnee,KSPAWN5URN,20145,KS
Phillips,KSPHIL7URN,20147,KS
Pottawatomie,KSPOTT9URN,20149,KS
Pratt,KSPRAT1URN,20151,KS
Rawlins,KSRAWL3URN,20153,KS
Reno,KSRENO5URN,20155,KS
Republic,KSREPU7URN,20157,KS
Rice,KSRICE9URN,20159,KS
Riley,KSRILE0URN,20161,KS
Rooks,KSROOK3URN,20163,KS
Rush,KSRUSH5URN,20165,KS
Russell,KSRUSS7URN,20167,KS
Saline,KSSALI0URN,20169,KS
Scott,KSSCOT1URN,20171,KS
Sedgwick,KSSEDG3URN,20173,KS
Seward,KSSEWA5URN,20175,KS
Shawnee,KSSHAW5URN,20177,KS
Sheridan,KSSHER9URN,20179,KS
Sherman,KSSHER1URN,20181,KS
Smith,KSSMIT3URN,20183,KS
Stafford,KSSTAF5URN,20185,KS
Stanton,KSSTAN7URN,20187,KS
Stevens,KSSTEV9URN,20189,KS
Sumner,KSSUMN1URN,20191,KS
Thomas,KSTHOM3URN,20193,KS
Trego,KSTREG5URN,20195,KS
Wabaunsee,KSWABA7URN,20197,KS
Wallace,KSWALL9URN,20199,KS
Washington,KSWASH1URN,20201,KS
Wichita,KSSEDG3URN,20203,KS
Wilson,KSWILS5URN,20205,KS
Woodson,KSWOOD7URN,20207,KS
Wyandotte,KSWYAN0URN,20209,KS
Adair,KYADURN,21001,KY
Allen,KYALURN,21003,KY
Anderson,KYANURN,21005,KY
Ballard,KYBAURN,21007,KY
Barren,KYBRURN,21009,KY
Bath,KYBATH1URN,21011,KY
Bell,KYBELL3URN,21013,KY
Boone,KYBOON5URN,21015,KY
Bourbon,KYBOUR7URN,21017,KY
Boyd,KYBOYD5URN,21019,KY
Boyle,KYBLURN,21021,KY
Bracken,KYBRAC3URN,21023,KY
Breathitt,KYBREA5URN,21025,KY
Breckinridge,KYBKURN,21027,KY
Bullitt,KYBIURN,21029,KY
Butler,OHBUTL2URN,21031,KY
Caldwell,KYCAURN,21033,KY
Calloway,KYCLURN,21035,KY
Campbell,KYCAMP0URN,21037,KY
Carlisle,KYCRURN,21039,KY
Carroll,KYCOURN,21041,KY
Carter,KYCART3URN,21043,KY
Casey,KYCSURN,21045,KY
Baltimore,DCDIST5URN,24510,MD
Barnstable,MABARN1URN,25001,MA
Berkshire,MABERK2URN,25003,MA
Bristol,MABRIS5URN,25005,MA
Dukes,MADUKE7URN,25007,MA
Essex,MAESSE9URN,25009,MA
Franklin,MAFRAN1URN,25011,MA
Hampden,MAHAMP0URN,25013,MA
Hampshire,NHROCK5URN,25015,MA
Middlesex,MAMIDD7URN,25017,MA
Nantucket,MANANT9URN,25019,MA
Norfolk,MANORF1URN,25021,MA
Plymouth,MAPLYM3URN,25023,MA
Suffolk,MASUFF5URN,25025,MA
Worcester,MAWORC7URN,25027,MA
Alcona,MIALCO1URN,26001,MI
Alger,MIALGE3URN,26003,MI
Allegan,MIALLE0URN,26005,MI
Alpena,MIALPE7URN,26007,MI
Antrim,MIANTR9URN,26009,MI
Arenac,MIAREN1URN,26011,MI
Baraga,MIBARA3URN,26013,MI
Barry,MIBARR5URN,26015,MI
Bay,MIBAYC7URN,26017,MI
Benzie,MIBENZ9URN,26019,MI
Berrien,MIBERR5URN,26021,MI
Branch,MIBRAN3URN,26023,MI
Calhoun,MICALH5URN,26025,MI
Cass,MICASS7URN,26027,MI
Charlevoix,MICHAR9URN,26029,MI
Cheboygan,MICHEB1URN,26031,MI
Chippewa,MICHIP3URN,26033,MI
Clare,MICLAR5URN,26035,MI
Clinton,MICLIN5URN,26037,MI
Crawford,MICRAW9URN,26039,MI
Delta,MIDELT1URN,26041,MI
Dickinson,MIDICK3URN,26043,MI
Eaton,MIEATO5URN,26045,MI
Emmet,MIEMME7URN,26047,MI
Genesee,MIGENE9URN,26049,MI
Gladwin,MIGLAD1URN,26051,MI
Gogebic,MIGOGE3URN,26053,MI
Grand Traverse,MIGRAN0URN,26055,MI
Gratiot,MIGRAT7URN,26057,MI
Hillsdale,MIHILL9URN,26059,MI
Houghton,MIHOUG1URN,26061,MI
Huron,MIHURO3URN,26063,MI
Ingham,MIINGH5URN,26065,MI
Ionia,MIIONI5URN,26067,MI
Iosco,MIIOSC9URN,26069,MI
Iron,MIIRON1URN,26071,MI
Isabella,MIISAB0URN,26073,MI
Jackson,TNMDURN,26075,MI
Kalamazoo,MIKALA7URN,26077,MI
Kalkaska,MIKALK9URN,26079,MI
Kent,MIKENT1URN,26081,MI
Keweenaw,MIKEWE3URN,26083,MI
Lake,MILAKE5URN,26085,MI
Lapeer,MILAPE5URN,26087,MI
Leelanau,MILEEL9URN,26089,MI
Lenawee,MILENA5URN,26091,MI
Livingston,MILIVI3URN,26093,MI
Luce,MILUCE5URN,26095,MI
Mackinac,MIMACK7URN,26097,MI
Macomb,MIMACO9URN,26099,MI
Manistee,MIMANI1URN,26101,MI
Marquette,MIMARQ5URN,26103,MI
Mason,MIMASO5URN,26105,MI
Mecosta,MIMECO7URN,26107,MI
Menominee,MIMENO9URN,26109,MI
Midland,TXMIDL9URN,26111,MI
Missaukee,MIMISS3URN,26113,MI
Monroe,LAOUAC2URN,26115,MI
Montcalm,MIMONT7URN,26117,MI
Montmorency,MIMONT9URN,26119,MI
Muskegon,MIMUSK1URN,26121,MI
Newaygo,MINEWA3URN,26123,MI
Oakland,MIOAKL5URN,26125,MI
Oceana,MIOCEA7URN,26127,MI
Ogemaw,MIOGEM9URN,26129,MI
Ontonagon,MIONTO1URN,26131,MI
Osceola,MIOSCE3URN,26133,MI
Oscoda,MIOSCO5URN,26135,MI
Otsego,MIOTSE7URN,26137,MI
Ottawa,MIOTTA0URN,26139,MI
Presque Isle,MIPRES1URN,26141,MI
Roscommon,MIROSC3URN,26143,MI
Saginaw,MISAGI5URN,26145,MI
St. Clair,MISTCL5URN,26147,MI
St. Joseph,INSTJO7URN,26149,MI
Sanilac,MISANI1URN,26151,MI
Schoolcraft,MISCHO3URN,26153,MI
Shiawassee,MISHIA0URN,26155,MI
Tuscola,MITUSC7URN,26157,MI
Van Buren,MIVANB5URN,26159,MI
Washtenaw,MIWASH1URN,26161,MI
Wayne,MIWAYN3URN,26163,MI
Wexford,MIWEXF5URN,26165,MI
Aitkin,MNAITK1URN,27001,MN
Anoka,MNANOK5URN,27003,MN
Becker,MNBECK5URN,27005,MN
Beltrami,MNBELT7URN,27007,MN
Benton,MNBENT9URN,27009,MN
Big Stone,MNBIGS1URN,27011,MN
Blue Earth,MNBLUE5URN,27013,MN
Brown,MNBROW5URN,27015,MN
Carlton,MNCARL7URN,27017,MN
Carver,MNCARV9URN,27019,MN
Cass,NDCASS7URN,27021,MN
Chippewa,MNCHIP3URN,27023,MN
Chisago,MNCHIS5URN,27025,MN
Clay,MNCLAY7URN,27027,MN
Clearwater,MNCLEA9URN,27029,MN
Cook,MNCOOK1URN,27031,MN
Cottonwood,MNCOTT3URN,27033,MN
Crow Wing,MNCROW5URN,27035,MN
Dakota,MNDAKO5URN,27037,MN
Dodge,MNDODG9URN,27039,MN
Douglas,WIDOUG1URN,27041,MN
Faribault,MNFARI3URN,27043,MN
New Madrid,MONEURN,29143,MO
Newton,MONEWT5URN,29145,MO
Nodaway,MONODA7URN,29147,MO
Oregon,MOORURN,29149,MO
Osage,MOOSURN,29151,MO
Ozark,MOOZURN,29153,MO
Pemiscot,MOPEURN,29155,MO
Perry,MOPRURN,29157,MO
Pettis,MOPETT9URN,29159,MO
Phelps,MOPHURN,29161,MO
Pike,MOPIURN,29163,MO
Platte,MOPLAT5URN,29165,MO
Polk,MOPOURN,29167,MO
Pulaski,MOPUURN,29169,MO
Putnam,MOPUTN1URN,29171,MO
Ralls,MORAURN,29173,MO
Randolph,MORNURN,29175,MO
Ray,MORAYC7URN,29177,MO
Reynolds,MOREURN,29179,MO
Ripley,MORIURN,29181,MO
St. Charles,MOSTURN,29183,MO
St. Clair,ILSTURN,29185,MO
Ste. Genevieve,MOSEURN,29186,MO
St. Francois,MOSFURN,29187,MO
St. Louis,MOSSURN,29189,MO
Saline,MOSALI5URN,29195,MO
Schuyler,MOSHURN,29197,MO
Scotland,MOSOURN,29199,MO
Scott,MOSUURN,29201,MO
Shannon,MOSNURN,29203,MO
Shelby,MOSBURN,29205,MO
Stoddard,MOSDURN,29207,MO
Stone,MOSYURN,29209,MO
Sullivan,MOSULL1URN,29211,MO
Taney,MOTAURN,29213,MO
Texas,MOTEURN,29215,MO
Vernon,MOVERN7URN,29217,MO
Warren,MOWAURN,29219,MO
Washington,ARWAURN,29221,MO
Wayne,MOWYURN,29223,MO
Webster,MOWEURN,29225,MO
Worth,MOWORT7URN,29227,MO
Wright,MOWRURN,29229,MO
St. Louis,MOSSURN,29510,MO
Beaverhead,MTBEAV1URN,30001,MT
Big Horn,MTBIGH3URN,30003,MT
Blaine,MTBLAI5URN,30005,MT
Broadwater,MTBROA7URN,30007,MT
Carbon,MTCARB9URN,30009,MT
Carter,MTCART1URN,30011,MT
Cascade,MTCASC3URN,30013,MT
Chouteau,MTCHOU5URN,30015,MT
Custer,MTCUST7URN,30017,MT
Daniels,MTDANI9URN,30019,MT
Dawson,MTDAWS1URN,30021,MT
Deer Lodge,MTDEER3URN,30023,MT
Fallon,MTFALL5URN,30025,MT
Fergus,MTFERG7URN,30027,MT
Flathead,MTFLAT0URN,30029,MT
Gallatin,MTGALL1URN,30031,MT
Garfield,MTGARF3URN,30033,MT
Glacier,MTGLAC5URN,30035,MT
Golden Valley,MTGOLD7URN,30037,MT
Granite,MTGRAN9URN,30039,MT
Hill,MTHILL1URN,30041,MT
Jefferson,MTJEFF3URN,30043,MT
Judith Basin,MTJUDI5URN,30045,MT
Lake,MTLAKE7URN,30047,MT
Lewis and Clark,MTLEWI9URN,30049,MT
Liberty,MTLIBE1URN,30051,MT
Lincoln,MTLINC3URN,30053,MT
McCone,MTMCCO5URN,30055,MT
Madison,MTMADI7URN,30057,MT
Meagher,MTMEAG9URN,30059,MT
Mineral,MTMINE1URN,30061,MT
Missoula,MTMISS0URN,30063,MT
Musselshell,MTMUSS5URN,30065,MT
Park,MTPARK7URN,30067,MT
Petroleum,MTPETR9URN,30069,MT
Phillips,MTPHIL1URN,30071,MT
Pondera,MTPOND3URN,30073,MT
Powder River,MTPOWD5URN,30075,MT
Powell,MTPOWE7URN,30077,MT
Prairie,MTPRAI9URN,30079,MT
Ravalli,MTRAVA1URN,30081,MT
Richland,MTRICH3URN,30083,MT
Roosevelt,MTROOS5URN,30085,MT
Rosebud,MTROSE7URN,30087,MT
Sanders,MTSAND9URN,30089,MT
Sheridan,MTSHER1URN,30091,MT
Silver Bow,MTSILV3URN,30093,MT
Stillwater,MTSTIL5URN,30095,MT
Sweet Grass,MTSWEE7URN,30097,MT
Teton,MTTETO9URN,30099,MT
Toole,MTTOOL1URN,30101,MT
Treasure,MTTREA3URN,30103,MT
Valley,MTGOLD7URN,30105,MT
Wheatland,MTWHEA7URN,30107,MT
Wibaux,MTWIBA9URN,30109,MT
Yellowstone,MTYELL1URN,30111,MT
Adams,NEADAM1URN,31001,NE
Antelope,NEANTE3URN,31003,NE
Arthur,NEARTH5URN,31005,NE
Banner,NEBANN7URN,31007,NE
Blaine,NEBLAI9URN,31009,NE
Boone,NEBOON1URN,31011,NE
Box Butte,NEBOXB3URN,31013,NE
Boyd,NEBOYD5URN,31015,NE
Brown,NEBROW7URN,31017,NE
Buffalo,NEBUFF9URN,31019,NE
Burt,NEBURT1URN,31021,NE
Butler,NEBUTL3URN,31023,NE
Cass,NECASS5URN,31025,NE
Cedar,NECEDA7URN,31027,NE
Chase,NECHAS9URN,31029,NE
Cherry,NECHER1URN,31031,NE
Cheyenne,NECHEY3URN,31033,NE
Clay,NECLAY5URN,31035,NE
Colfax,NECOLF7URN,31037,NE
Cuming,NECUMI9URN,31039,NE
Brunswick,NCBRUN9URN,37019,NC
Buncombe,NCBUNC1URN,37021,NC
Burke,NCBURK0URN,37023,NC
Cabarrus,NCCABA5URN,37025,NC
Caldwell,NCCALD0URN,37027,NC
Camden,NCCAMD9URN,37029,NC
Carteret,NCCART1URN,37031,NC
Caswell,NCCASW3URN,37033,NC
Catawba,NCCATA5URN,37035,NC
Chatham,NCCHAT7URN,37037,NC
Cherokee,NCCHER9URN,37039,NC
Chowan,NCCHOW1URN,37041,NC
Clay,FLCLAY5URN,37043,NC
Cleveland,NCCLEV0URN,37045,NC
Columbus,NCCOLU0URN,37047,NC
Craven,NCCRAV5URN,37049,NC
Cumberland,NCCUMB2URN,37051,NC
Currituck,NCCURR3URN,37053,NC
Dare,NCDARE5URN,37055,NC
Davidson,NCDAVI4URN,37057,NC
Davie,NCDAVI9URN,37059,NC
Duplin,NCDUPL1URN,37061,NC
Durham,NCDURH8URN,37063,NC
Edgecombe,NCEDGE5URN,37065,NC
Forsyth,NCFORS5URN,37067,NC
Franklin,NCFRAN9URN,37069,NC
Gaston,NCGAST0URN,37071,NC
Gates,NCGATE3URN,37073,NC
Graham,NCGRAH5URN,37075,NC
Granville,NCGRAN7URN,37077,NC
Greene,NCGREE9URN,37079,NC
Guilford,NCGUIL1URN,37081,NC
Halifax,NCHALI0URN,37083,NC
Harnett,NCHARN0URN,37085,NC
Haywood,NCHAYW7URN,37087,NC
Henderson,NCHEND0URN,37089,NC
Hertford,NCHERT1URN,37091,NC
Hoke,NCHOKE3URN,37093,NC
Hyde,NCHYDE5URN,37095,NC
Iredell,NCIRED5URN,37097,NC
Jackson,NCJACK9URN,37099,NC
Johnston,NCJOHN0URN,37101,NC
Jones,NCJONE3URN,37103,NC
Lee,NCLEEC5URN,37105,NC
Lenoir,NCALEX3URN,37107,NC
Lincoln,NCLINC9URN,37109,NC
McDowell,NCMCDO1URN,37111,NC
Macon,NCMACO3URN,37113,NC
Madison,NCMADI5URN,37115,NC
Martin,NCMART7URN,37117,NC
Mecklenburg,NCMECK9URN,37119,NC
Mitchell,NCMITC1URN,37121,NC
Montgomery,NCMONT3URN,37123,NC
Moore,NCMOOR0URN,37125,NC
Nash,NCNASH5URN,37127,NC
New Hanover,NCNEWH9URN,37129,NC
Northampton,NCNORT1URN,37131,NC
Onslow,NCONSL5URN,37133,NC
Orange,NCORAN2URN,37135,NC
Pamlico,NCPAML7URN,37137,NC
Pasquotank,NCPASQ9URN,37139,NC
Pender,NCPEND1URN,37141,NC
Perquimans,NCPERQ3URN,37143,NC
Person,NCBUNC1URN,37145,NC
Pitt,NCPITT7URN,37147,NC
Polk,NCPOLK9URN,37149,NC
Randolph,NCRAND1URN,37151,NC
Richmond,NCRICH3URN,37153,NC
Robeson,NCROBE7URN,37155,NC
Rockingham,NCROCK0URN,37157,NC
Rowan,NCROWA5URN,37159,NC
Rutherford,NCRUTH5URN,37161,NC
Sampson,NCSAMP3URN,37163,NC
Scotland,NCSCOT5URN,37165,NC
Stanly,NCSTAN7URN,37167,NC
Stokes,NCSTOK9URN,37169,NC
Surry,NCSURR0URN,37171,NC
Swain,NCSWAI3URN,37173,NC
Transylvania,NCTRAN5URN,37175,NC
Tyrrell,NCTYRR7URN,37177,NC
Union,NCUNIO5URN,37179,NC
Vance,NCVANC1URN,37181,NC
Wake,NCWAKE3URN,37183,NC
Warren,NCWARR5URN,37185,NC
Washington,ARWAURN,37187,NC
Watauga,NCWATA9URN,37189,NC
Wayne,NCWAYN1URN,37191,NC
Wilkes,NCWILK5URN,37193,NC
Wilson,NCWILS0URN,37195,NC
Yadkin,NCYADK7URN,37197,NC
Yancey,NCYANC9URN,37199,NC
Adams,NDADAM1URN,38001,ND
Barnes,NDBARN3URN,38003,ND
Benson,NDBENS5URN,38005,ND
Billings,NDBILL7URN,38007,ND
Bottineau,NDBOTT9URN,38009,ND
Bowman,NDBOWM1URN,38011,ND
Burke,NDBURK3URN,38013,ND
Burleigh,NDBURL5URN,38015,ND
Cass,NDCASS7URN,38017,ND
Cavalier,NDCAVA9URN,38019,ND
Dickey,NDDICK1URN,38021,ND
Divide,NDDIVI3URN,38023,ND
Dunn,NDDUNN5URN,38025,ND
Eddy,NDEDDY7URN,38027,ND
Emmons,NDEMMO9URN,38029,ND
Foster,NDFOST1URN,38031,ND
Golden Valley,NDGOLD3URN,38033,ND
Grand Forks,NDGRAN5URN,38035,ND
Grant,NDGRAN7URN,38037,ND
Griggs,NDGRIG9URN,38039,ND
Hettinger,NDHETT1URN,38041,ND
Kidder,NDKIDD3URN,38043,ND
LaMoure,NDLAMO5URN,38045,ND
Logan,NDLOGA7URN,38047,ND
McHenry,NDMCHE9URN,38049,ND
McIntosh,NDMCIN1URN,38051,ND
McKenzie,NDMCKE3URN,38053,ND
McLean,NDMCLE5URN,38055,ND
Mercer,NDMERC7URN,38057,ND
Clarion,PACLAR1URN,42031,PA
Clearfield,PACLEA0URN,42033,PA
Clinton,PACLIN5URN,42035,PA
Columbia,PACOLU5URN,42037,PA
Crawford,PACRAW0URN,42039,PA
Cumberland,PACUMB0URN,42041,PA
Dauphin,PADAUP3URN,42043,PA
Delaware,PADELA0URN,42045,PA
Elk,PAELKC7URN,42047,PA
Erie,PAERIE9URN,42049,PA
Fayette,PAFAYE0URN,42051,PA
Forest,PAFORE3URN,42053,PA
Franklin,PAFRAN5URN,42055,PA
Fulton,PAFULT7URN,42057,PA
Greene,PAGREE9URN,42059,PA
Huntingdon,PAHUNT1URN,42061,PA
Indiana,PAINDI0URN,42063,PA
Jefferson,PAJEFF5URN,42065,PA
Juniata,PAJUNI7URN,42067,PA
Lackawanna,PALACK9URN,42069,PA
Lancaster,PALANC0URN,42071,PA
Lawrence,PALAWR0URN,42073,PA
Lebanon,PALEBA5URN,42075,PA
Lehigh,PALEHI7URN,42077,PA
Luzerne,PALUZE0URN,42079,PA
Lycoming,PALYCO5URN,42081,PA
McKean,PAMCKE0URN,42083,PA
Mercer,PAMERC5URN,42085,PA
Mifflin,PAMIFF7URN,42087,PA
Monroe,PAMONR5URN,42089,PA
Montgomery,PAMONT5URN,42091,PA
Montour,PAMONT3URN,42093,PA
Northampton,PANORT5URN,42095,PA
Northumberland,PANORT0URN,42097,PA
Perry,PAPERR9URN,42099,PA
Philadelphia,PAPHIL5URN,42101,PA
Pike,PAPIKE3URN,42103,PA
Potter,PAPOTT5URN,42105,PA
Schuylkill,PASCHU4URN,42107,PA
Snyder,PASNYD9URN,42109,PA
Somerset,NJSOME0URN,42111,PA
Sullivan,PASULL3URN,42113,PA
Susquehanna,PASUSQ5URN,42115,PA
Tioga,PATIOG7URN,42117,PA
Union,NJUNIO9URN,42119,PA
Venango,PAVENA5URN,42121,PA
Warren,OHMAHO9URN,42123,PA
Washington,PAWASH0URN,42125,PA
Wayne,NYNEWY1URN,42127,PA
Westmoreland,PAWEST5URN,42129,PA
Wyoming,PAWYOM1URN,42131,PA
York,NYNEWY1URN,42133,PA
Bristol,MABRIS5URN,44001,RI
Kent,RIKENT3URN,44003,RI
Newport,RINEWP5URN,44005,RI
Providence,RIPROV7URN,44007,RI
Washington,RIWASH9URN,44009,RI
Abbeville,SCABBE1URN,45001,SC
Aiken,SCAIKE0URN,45003,SC
Allendale,SCALLE5URN,45005,SC
Anderson,SCGREE5URN,45007,SC
Bamberg,SCBAMB9URN,45009,SC
Barnwell,SCBARN1URN,45011,SC
Beaufort,SCBEAU5URN,45013,SC
Calhoun,SCCALH7URN,45017,SC
Charleston,WVKANA9URN,45019,SC
Cherokee,SCCHER1URN,45021,SC
Chester,SCCHES3URN,45023,SC
Chesterfield,SCCHES5URN,45025,SC
Clarendon,SCCLAR7URN,45027,SC
Colleton,SCCOLL9URN,45029,SC
Darlington,SCDARL5URN,45031,SC
Dillon,SCDILL3URN,45033,SC
Dorchester,SCDORC7URN,45035,SC
Edgefield,SCEDGE7URN,45037,SC
Fairfield,SCFAIR9URN,45039,SC
Florence,SCFLOR0URN,45041,SC
Georgetown,SCGEOR3URN,45043,SC
Greenville,SCGREE5URN,45045,SC
Greenwood,SCGREE0URN,45047,SC
Hampton,SCHAMP9URN,45049,SC
Horry,SCHORR1URN,45051,SC
Jasper,SCJASP3URN,45053,SC
Kershaw,SCKERS5URN,45055,SC
Lancaster,SCLANC7URN,45057,SC
Laurens,SCLAUR5URN,45059,SC
Lee,SCLEEC1URN,45061,SC
Lexington,SCLEXI0URN,45063,SC
McCormick,SCMCCO5URN,45065,SC
Marion,SCMARI7URN,45067,SC
Marlboro,SCMARL9URN,45069,SC
Newberry,SCNEWB1URN,45071,SC
Oconee,SCOCON3URN,45073,SC
Orangeburg,SCORAN5URN,45075,SC
Pickens,SCPICK0URN,45077,SC
Richland,SCRICH9URN,45079,SC
Saluda,SCSALU1URN,45081,SC
Spartanburg,SCSPAR0URN,45083,SC
Sumter,SCSUMT5URN,45085,SC
Union,NCUNIO5URN,45087,SC
Williamsburg,SCWILL9URN,45089,SC
York,SCYORK5URN,45091,SC
Aurora,SDAURO3URN,46003,SD
Beadle,SDBEAD5URN,46005,SD
Bennett,SDBENN7URN,46007,SD
Bon Homme,SDBONH9URN,46009,SD
Brookings,SDBROO1URN,46011,SD
Brown,SDBROW3URN,46013,SD
Brule,SDBRUL5URN,46015,SD
Buffalo,SDBUFF7URN,46017,SD
Butte,SDBUTT9URN,46019,SD
Campbell,SDCAMP1URN,46021,SD
Charles Mix,SDCHAR3URN,46023,SD
Clark,SDCLAR5URN,46025,SD
Clay,SDCLAY7URN,46027,SD
Codington,SDCODI9URN,46029,SD
Corson,SDCORS1URN,46031,SD
Custer,SDCUST3URN,46033,SD
Davison,SDDAVI5URN,46035,SD
Dimmit,TXDIMM7URN,48127,TX
Donley,TXDONL9URN,48129,TX
Duval,TXDUVA1URN,48131,TX
Eastland,TXEAST3URN,48133,TX
Ector,TXECTO5URN,48135,TX
Edwards,TXEDWA7URN,48137,TX
Ellis,TXELLI0URN,48139,TX
El Paso,TXELPA0URN,48141,TX
Erath,TXERAT3URN,48143,TX
Falls,TXWICH5URN,48145,TX
Fannin,TXFANN7URN,48147,TX
Fayette,TXFAYE9URN,48149,TX
Fisher,TXFISH1URN,48151,TX
Floyd,TXFLOY3URN,48153,TX
Foard,TXFOAR5URN,48155,TX
Fort Bend,TXFORT5URN,48157,TX
Franklin,TXFRAN9URN,48159,TX
Freestone,TXFREE1URN,48161,TX
Frio,TXFRIO3URN,48163,TX
Gaines,TXGAIN5URN,48165,TX
Galveston,TXHARR1URN,48167,TX
Garza,TXGARZ9URN,48169,TX
Gillespie,TXGILL1URN,48171,TX
Glasscock,TXGLAS3URN,48173,TX
Goliad,TXGOLI5URN,48175,TX
Gonzales,TXGONZ7URN,48177,TX
Gray,TXGRAY9URN,48179,TX
Grayson,TXGRAY0URN,48181,TX
Gregg,TXGREG3URN,48183,TX
Grimes,TXGRIM5URN,48185,TX
Guadalupe,TXGUAD7URN,48187,TX
Hale,TXHALE9URN,48189,TX
Hall,TXHALL1URN,48191,TX
Hamilton,TXHAMI3URN,48193,TX
Hansford,TXHANS5URN,48195,TX
Hardeman,TXHARD7URN,48197,TX
Hardin,TXHARD9URN,48199,TX
Harris,TXHARR1URN,48201,TX
Harrison,TXHARR0URN,48203,TX
Hartley,TXHART5URN,48205,TX
Haskell,TXHASK7URN,48207,TX
Hays,TXHAYS9URN,48209,TX
Hemphill,TXHEMP1URN,48211,TX
Henderson,TXHEND3URN,48213,TX
Hidalgo,TXHIDA5URN,48215,TX
Hill,TXHILL7URN,48217,TX
Hockley,TXHOCK9URN,48219,TX
Hood,TXBELL7URN,48221,TX
Hopkins,TXHOPK3URN,48223,TX
Houston,TXHARR1URN,48225,TX
Howard,TXHOWA7URN,48227,TX
Hudspeth,TXHUDS9URN,48229,TX
Hunt,TXHUNT0URN,48231,TX
Hutchinson,TXHUTC3URN,48233,TX
Irion,TXIRIO5URN,48235,TX
Jack,TXJACK7URN,48237,TX
Jackson,TXJACK9URN,48239,TX
Jasper,TXJASP1URN,48241,TX
Jeff Davis,TXJEFF3URN,48243,TX
Jefferson,TXJEFF5URN,48245,TX
Jim Hogg,TXJIMH7URN,48247,TX
Jim Wells,TXJIMW9URN,48249,TX
Johnson,TXJOHN4URN,48251,TX
Jones,TXJONE3URN,48253,TX
Karnes,TXKARN5URN,48255,TX
Kaufman,TXKAUF7URN,48257,TX
Kendall,TXKEND9URN,48259,TX
Kenedy,TXKENE1URN,48261,TX
Kent,TXKENT3URN,48263,TX
Kerr,TXKERR5URN,48265,TX
Kimble,TXKIMB7URN,48267,TX
King,TXKING9URN,48269,TX
Kinney,TXKINN1URN,48271,TX
Kleberg,TXKLEB3URN,48273,TX
Knox,TXKNOX5URN,48275,TX
Lamar,TXLAMA7URN,48277,TX
Lamb,TXLAMB9URN,48279,TX
Lampasas,TXLAMP1URN,48281,TX
La Salle,TXLASA3URN,48283,TX
Lavaca,TXLAVA5URN,48285,TX
Lee,TXLEEC7URN,48287,TX
Leon,TXLEON9URN,48289,TX
Liberty,TXLIBE1URN,48291,TX
Limestone,TXLIME3URN,48293,TX
Lipscomb,TXLIPS5URN,48295,TX
Live Oak,TXLIVE7URN,48297,TX
Llano,TXLLAN9URN,48299,TX
Loving,TXLOVI1URN,48301,TX
Lubbock,TXLUBB3URN,48303,TX
Lynn,TXLYNN5URN,48305,TX
McCulloch,TXMCCU7URN,48307,TX
McLennan,TXMCLE9URN,48309,TX
McMullen,TXMCMU1URN,48311,TX
Madison,TXMADI3URN,48313,TX
Marion,TXMARI5URN,48315,TX
Martin,TXMART7URN,48317,TX
Mason,TXMASO9URN,48319,TX
Matagorda,TXMATA1URN,48321,TX
Maverick,TXMAVE3URN,48323,TX
Medina,TXMEDI5URN,48325,TX
Menard,TXMENA7URN,48327,TX
Midland,TXMIDL9URN,48329,TX
Milam,TXMILA1URN,48331,TX
Mills,TXMILL3URN,48333,TX
Mitchell,TXMITC5URN,48335,TX
Montague,TXMONT7URN,48337,TX
Montgomery,TXMONT0URN,48339,TX
Moore,TXMOOR1URN,48341,TX
Morris,TXMORR3URN,48343,TX
Motley,TXMOTL5URN,48345,TX
Nacogdoches,TXNACO7URN,48347,TX
Navarro,TXNAVA9URN,48349,TX
Newton,TXNEWT1URN,48351,TX
Nolan,TXNOLA3URN,48353,TX
Nueces,TXNUEC5URN,48355,TX
Ochiltree,TXOCHI7URN,48357,TX
Oldham,TXOLDH9URN,48359,TX
Orange,TXORAN5URN,48361,TX
Palo Pinto,TXPALO3URN,48363,TX
Panola,TXPANO5URN,48365,TX
Louisa,VALOUI9URN,51109,VA
Lunenburg,VALUNE1URN,51111,VA
Madison,VAMADI3URN,51113,VA
Mathews,VAMATH5URN,51115,VA
Mecklenburg,VAMECK7URN,51117,VA
Middlesex,VAMIDD9URN,51119,VA
Montgomery,MDMONT0URN,51121,VA
Nelson,VANELS5URN,51125,VA
New Kent,VANEWK7URN,51127,VA
Northampton,VANORT1URN,51131,VA
Northumberland,VANORT3URN,51133,VA
Nottoway,VANOTT5URN,51135,VA
Orange,VAORAN7URN,51137,VA
Page,VAPAGE9URN,51139,VA
Patrick,VAPATR1URN,51141,VA
Pittsylvania,VAPITT0URN,51143,VA
Powhatan,VAPOWH5URN,51145,VA
Prince Edward,VAPRIN7URN,51147,VA
Prince George,MDPRIN5URN,51149,VA
Prince William,VAPRIN3URN,51153,VA
Pulaski,VAPULA5URN,51155,VA
Rappahannock,VARAPP7URN,51157,VA
Richmond,VACOLO0URN,51159,VA
Roanoke,VAROAN0URN,51161,VA
Rockbridge,VAROCK3URN,51163,VA
Rockingham,VAROCK5URN,51165,VA
Russell,VARUSS7URN,51167,VA
Scott,VASCOT9URN,51169,VA
Shenandoah,VASHEN1URN,51171,VA
Smyth,VASMYT3URN,51173,VA
Southampton,VASOUT5URN,51175,VA
Spotsylvania,VASPOT7URN,51177,VA
Stafford,VASTAF9URN,51179,VA
Surry,VASURR1URN,51181,VA
Sussex,VASUSS3URN,51183,VA
Tazewell,VATAZE8URN,51185,VA
Warren,VAWARR7URN,51187,VA
Washington,DCDIST5URN,51191,VA
Westmoreland,VAWEST3URN,51193,VA
Wise,VAWISE5URN,51195,VA
Wythe,VAWYTH7URN,51197,VA
York,VAYORK9URN,51199,VA
Alexandria,DCDIST5URN,51510,VA
Bristol,VAWASH1URN,51520,VA
Buena Vista,VABUEN0URN,51530,VA
Charlottesville,VACHAR0URN,51540,VA
Chesapeake,VACHES7URN,51550,VA
Colonial Heights,VACOLO0URN,51570,VA
Covington,VACOVI0URN,51580,VA
Danville,VADANV0URN,51590,VA
Emporia,VAEMPO5URN,51595,VA
Fairfax,VAFAIR5URN,51600,VA
Falls Church,VAFALL0URN,51610,VA
Franklin,VAFRAN7URN,51620,VA
Fredericksburg,VAFRED0URN,51630,VA
Galax,VAGALA0URN,51640,VA
Hampton,VAHAMP0URN,51650,VA
Harrisonburg,VAROCK5URN,51660,VA
Hopewell,VAHOPE0URN,51670,VA
Lexington,VALEXI8URN,51678,VA
Lynchburg,VAAPPO1URN,51680,VA
Manassas,VAMANA3URN,51683,VA
Manassas Park,VAMANA5URN,51685,VA
Martinsville,VAMART0URN,51690,VA
Newport News,VANORF5URN,51700,VA
Norfolk,VANORF5URN,51710,VA
Norton,VANORT0URN,51720,VA
Petersburg,VAPETE0URN,51730,VA
Poquoson,VAPOQU5URN,51735,VA
Portsmouth,VAPORT0URN,51740,VA
Radford,VAMONT0URN,51750,VA
Richmond,VACOLO0URN,51760,VA
Roanoke,VAROAN0URN,51770,VA
Salem,VASALE5URN,51775,VA
Staunton,VASTAU0URN,51790,VA
Suffolk,VASUFF0URN,51800,VA
Virginia Beach,VANORF5URN,51810,VA
Waynesboro,VAWAYN0URN,51820,VA
Williamsburg,VAWILL0URN,51830,VA
Winchester,VAFRED9URN,51840,VA
Adams,WAADAM1URN,53001,WA
Asotin,WAASOT3URN,53003,WA
Benton,WABENT0URN,53005,WA
Chelan,WACHEL7URN,53007,WA
Clallam,WACLAL0URN,53009,WA
Clark,WACLAR1URN,53011,WA
Columbia,ORCOLU9URN,53013,WA
Cowlitz,WACOWL5URN,53015,WA
Douglas,WADOUG7URN,53017,WA
Ferry,WAFERR9URN,53019,WA
Franklin,WAFRAN1URN,53021,WA
Garfield,WAGARF3URN,53023,WA
Grant,WAGRAN5URN,53025,WA
Grays Harbor,WAGRAY0URN,53027,WA
Island,WAISLA9URN,53029,WA
Jefferson,WAJEFF1URN,53031,WA
King,WAKING5URN,53033,WA
Kitsap,WAKITS0URN,53035,WA
Kittitas,WAKITT7URN,53037,WA
Klickitat,WAKLIC9URN,53039,WA
Lewis,WALEWI5URN,53041,WA
Lincoln,WALINC3URN,53043,WA
Mason,WAMASO5URN,53045,WA
Okanogan,WAOKAN7URN,53047,WA
Pacific,WAPACI9URN,53049,WA
Pend Oreille,WAPEND1URN,53051,WA
Pierce,WAPIER6URN,53053,WA
San Juan,WASANJ5URN,53055,WA
Skagit,WASKAG5URN,53057,WA
Skamania,WASKAM9URN,53059,WA
Snohomish,WASNOH0URN,53061,WA
Spokane,WASPOK2URN,53063,WA
Stevens,WASTEV5URN,53065,WA
Thurston,WATHUR8URN,53067,WA
Wahkiakum,WAWAHK9URN,53069,WA
Walla Walla,WAWALL1URN,53071,WA
Whatcom,WAWHAT5URN,53073,WA
Whitman,WAWHIT5URN,53075,WA
Yakima,WAYAKI7URN,53077,WA
Barbour,WVBARB1URN,54001,WV
Park,WYPARK9URN,56029,WY
Platte,WYPLAT1URN,56031,WY
Sheridan,WYSHER3URN,56033,WY
Sublette,WYSUBL5URN,56035,WY
Sweetwater,WYSWEE7URN,56037,WY
Teton,WYTETO9URN,56039,WY
Uinta,WYUINT1URN,56041,WY
Washakie,WYWASH3URN,56043,WY
Weston,WYWEST5URN,56045,WY
San Benito,CASANB9URN,06069,CA
San Bernardino,CASANB1URN,06071,CA
San Diego,CASAND5URN,06073,CA
San Francisco,CASANF0URN,06075,CA
San Joaquin,CASANJ8URN,06077,CA
San Luis Obispo,CASANL9URN,06079,CA
San Mateo,CASANF0URN,06081,CA
Santa Barbara,CASANT1URN,06083,CA
Santa Clara,CASANT5URN,06085,CA
Santa Cruz,CASANT3URN,06087,CA
Shasta,CASHAS5URN,06089,CA
Sierra,CASIER1URN,06091,CA
Siskiyou,CASISK3URN,06093,CA
Solano,CASOLA5URN,06095,CA
Sonoma,CASONO6URN,06097,CA
Stanislaus,CASTAN7URN,06099,CA
Sutter,CASUTT0URN,06101,CA
Tehama,CATEHA3URN,06103,CA
Trinity,CATRIN5URN,06105,CA
Tulare,CATULA1URN,06107,CA
Tuolumne,CATUOL9URN,06109,CA
Ventura,CAVENT2URN,06111,CA
Yolo,CAYOLO3URN,06113,CA
Yuba,CASUTT0URN,06115,CA
Adams,COADAM1URN,08001,CO
Alamosa,COALAM3URN,08003,CO
Arapahoe,COARAP0URN,08005,CO
Archuleta,COARCH7URN,08007,CO
Baca,COBACA9URN,08009,CO
Bent,COBENT1URN,08011,CO
Boulder,CODENV5URN,08013,CO
Broomfield,COBROO4URN,08014,CO
Chaffee,COCHAF5URN,08015,CO
Cheyenne,COCHEY7URN,08017,CO
Clear Creek,COCLEA9URN,08019,CO
Conejos,COCONE1URN,08021,CO
Costilla,COCOST3URN,08023,CO
Crowley,COCROW5URN,08025,CO
Custer,COCUST7URN,08027,CO
Delta,CODELT9URN,08029,CO
Denver,CODENV5URN,08031,CO
Dolores,CODOLO3URN,08033,CO
Douglas,CODOUG5URN,08035,CO
Eagle,COEAGL7URN,08037,CO
Elbert,COELBE9URN,08039,CO
El Paso,COELPA0URN,08041,CO
Fremont,COFREM3URN,08043,CO
Garfield,COGARF5URN,08045,CO
Gilpin,COGILP7URN,08047,CO
Grand,COMESA5URN,08049,CO
Gunnison,COGUNN1URN,08051,CO
Hinsdale,COHINS3URN,08053,CO
Huerfano,COHUER5URN,08055,CO
Jackson,COJACK7URN,08057,CO
Jefferson,COJEFF9URN,08059,CO
Kiowa,COKIOW1URN,08061,CO
Kit Carson,COKITC3URN,08063,CO
Lake,COLAKE5URN,08065,CO
La Plata,COLAPL7URN,08067,CO
Larimer,COLARI1URN,08069,CO
Las Animas,COLASA1URN,08071,CO
Lincoln,COLINC3URN,08073,CO
Logan,COLOGA5URN,08075,CO
Mesa,COMESA5URN,08077,CO
Mineral,COMINE9URN,08079,CO
Moffat,COMOFF1URN,08081,CO
Montezuma,COMONT3URN,08083,CO
Montrose,COMONT5URN,08085,CO
Morgan,COMORG7URN,08087,CO
Otero,COOTER9URN,08089,CO
Ouray,COOURA1URN,08091,CO
Park,COPARK3URN,08093,CO
Phillips,COPHIL5URN,08095,CO
Pitkin,COPITK7URN,08097,CO
Prowers,COPROW9URN,08099,CO
Pueblo,COPUEB2URN,08101,CO
Rio Blanco,CORIOB3URN,08103,CO
Rio Grande,CORIOG5URN,08105,CO
Routt,COROUT7URN,08107,CO
Saguache,COSAGU9URN,08109,CO
San Juan,COSANJ1URN,08111,CO
San Miguel,COSANM3URN,08113,CO
Sedgwick,COSEDG5URN,08115,CO
Summit,COSUMM7URN,08117,CO
Teller,COTELL9URN,08119,CO
Washington,COWASH1URN,08121,CO
Weld,COWELD3URN,08123,CO
Yuma,COYUMA5URN,08125,CO
Fairfield,CTFAIR1URN,09001,CT
Hartford,CTHART3URN,09003,CT
Litchfield,CTLITC5URN,09005,CT
Middlesex,MAMIDD7URN,09007,CT
New Haven,CTNEWH9URN,09009,CT
New London,CTNEWL1URN,09011,CT
Tolland,CTTOLL3URN,09013,CT
Windham,CTWIND5URN,09015,CT
Kent,DEKENT1URN,10001,DE
New Castle,DENEWC3URN,10003,DE
Sussex,DESUSS0URN,10005,DE
District of Columbia,DCDIST5URN,11001,DC
Alachua,FLALAC1URN,12001,FL
Baker,FLBAKE3URN,12003,FL
Bay,FLBREV3URN,12005,FL
Bradford,FLBRAD7URN,12007,FL
Brevard,FLBREV3URN,12009,FL
Broward,FLBROW5URN,12011,FL
Calhoun,FLCALH3URN,12013,FL
Charlotte,FLCHAR5URN,12015,FL
Citrus,FLCITR5URN,12017,FL
Clay,FLCLAY5URN,12019,FL
Collier,FLCOLL0URN,12021,FL
Columbia,FLCOLU3URN,12023,FL
DeSoto,FLDESO7URN,12027,FL
Dixie,FLDIXI9URN,12029,FL
Duval,FLDUVA0URN,12031,FL
Escambia,FLESCA0URN,12033,FL
Flagler,FLFLAG5URN,12035,FL
Franklin,FLFRAN7URN,12037,FL
Gadsden,FLGADS9URN,12039,FL
Gilchrist,FLGILC1URN,12041,FL
Hardin,IAHARD3URN,19083,IA
Harrison,IAHARR5URN,19085,IA
Henry,ILHENR0URN,19087,IA
Howard,IAHOWA9URN,19089,IA
Humboldt,IAHUMB1URN,19091,IA
Ida,IAIDAC3URN,19093,IA
Iowa,IACERR3URN,19095,IA
Jackson,IAJACK7URN,19097,IA
Jasper,IAJASP9URN,19099,IA
Jefferson,IAJEFF1URN,19101,IA
Johnson,IAJOHN3URN,19103,IA
Jones,IAJONE5URN,19105,IA
Keokuk,IAKEOK7URN,19107,IA
Kossuth,IAKOSS9URN,19109,IA
Lee,IALEEC1URN,19111,IA
Linn,IALINN0URN,19113,IA
Louisa,IALOUI5URN,19115,IA
Lucas,IALUCA7URN,19117,IA
Lyon,IALYON9URN,19119,IA
Madison,IAMADI1URN,19121,IA
Mahaska,IAMAHA3URN,19123,IA
Marion,IAMARI5URN,19125,IA
Marshall,IAMARS7URN,19127,IA
Mills,IAMILL9URN,19129,IA
Mitchell,IAMITC1URN,19131,IA
Monona,IAMONO3URN,19133,IA
Monroe,IAMONR5URN,19135,IA
Montgomery,IAMONT7URN,19137,IA
Muscatine,IAMUSC9URN,19139,IA
O'Brien,IAOBRI1URN,19141,IA
Osceola,IAOSCE3URN,19143,IA
Page,IAPAGE5URN,19145,IA
Palo Alto,IAPALO7URN,19147,IA
Plymouth,IAPLYM9URN,19149,IA
Pocahontas,IAPOCA1URN,19151,IA
Polk,IAPOLK3URN,19153,IA
Pottawattamie,IAPOTT5URN,19155,IA
Poweshiek,IAPOWE7URN,19157,IA
Ringgold,IARING9URN,19159,IA
Sac,IASACC1URN,19161,IA
Scott,IASCOT3URN,19163,IA
Shelby,IASHEL5URN,19165,IA
Sioux,IASIOU7URN,19167,IA
Story,IASTOR7URN,19169,IA
Tama,IATAMA1URN,19171,IA
Taylor,IATAYL3URN,19173,IA
Union,SDUNIO7URN,19175,IA
Van Buren,IAVANB7URN,19177,IA
Wapello,IAWAPE9URN,19179,IA
Warren,IAWARR1URN,19181,IA
Washington,IAWASH3URN,19183,IA
Wayne,IAWAYN5URN,19185,IA
Webster,IAWEBS7URN,19187,IA
Winnebago,IAWINN9URN,19189,IA
Winneshiek,IAWINN1URN,19191,IA
Woodbury,IAWOOD0URN,19193,IA
Worth,IAWORT5URN,19195,IA
Wright,IAWRIG7URN,19197,IA
Allen,KSALLE1URN,20001,KS
Anderson,KSANDE3URN,20003,KS
Atchison,KSATCH5URN,20005,KS
Barber,KSBARB7URN,20007,KS
Barton,KSBART9URN,20009,KS
Bourbon,KSBOUR1URN,20011,KS
Brown,KSBROW3URN,20013,KS
Butler,KSBUTL5URN,20015,KS
Christian,KYCHURN,21047,KY
Clark,INCLURN,21049,KY
Clay,KYCLAY1URN,21051,KY
Clinton,KYCIURN,21053,KY
Crittenden,KYCEURN,21055,KY
Cumberland,KYCUURN,21057,KY
Daviess,KYDAURN,21059,KY
Edmonson,KYEDURN,21061,KY
Elliott,KYELLI3URN,21063,KY
Estill,KYESTI5URN,21065,KY
Fayette,KYFAYE5URN,21067,KY
Fleming,KYFLEM9URN,21069,KY
Floyd,INFLURN,21071,KY
Franklin,KYFRURN,21073,KY
Fulton,KYFUURN,21075,KY
Gallatin,KYGAURN,21077,KY
Garrard,KYGARR9URN,21079,KY
Grant,KYGRAN1URN,21081,KY
Graves,KYGVURN,21083,KY
Grayson,KYGYURN,21085,KY
Green,KYWAURN,21087,KY
Greenup,KYGREE9URN,21089,KY
Hancock,KYHAURN,21091,KY
Hardin,KYHRURN,21093,KY
Harlan,KYHARL5URN,21095,KY
Harrison,INHRURN,21097,KY
Hart,KYHTURN,21099,KY
Henderson,KYHEURN,21101,KY
Henry,KYHNURN,21103,KY
Hickman,KYHCURN,21105,KY
Hopkins,KYHOURN,21107,KY
Jackson,KYJACK9URN,21109,KY
Jefferson,LOIUR,21111,KY
Jessamine,KYJESS3URN,21113,KY
Johnson,KYJOHN5URN,21115,KY
Kenton,KYKENT7URN,21117,KY
Knott,KYKNOT9URN,21119,KY
Knox,KYKNOX1URN,21121,KY
Larue,KYLAURN,21123,KY
Laurel,KYLAUR5URN,21125,KY
Lawrence,OHLAWR5URN,21127,KY
Lee,KYLEEC9URN,21129,KY
Leslie,KYLESL1URN,21131,KY
Letcher,KYLETC3URN,21133,KY
Lewis,KYLEWI5URN,21135,KY
Lincoln,KYLINC7URN,21137,KY
Livingston,KYLVURN,21139,KY
Logan,KYLOURN,21141,KY
Lyon,KYLYURN,21143,KY
McCracken,KYMCURN,21145,KY
McCreary,KYMCCR7URN,21147,KY
McLean,KYMLURN,21149,KY
Madison,KYMADI0URN,21151,KY
Magoffin,KYMAGO3URN,21153,KY
Copiah,MSCOPI9URN,28029,MS
Covington,MSCOVI1URN,28031,MS
Forrest,MSFORR0URN,28035,MS
Franklin,MSFRAN7URN,28037,MS
George,MSGEOR9URN,28039,MS
Greene,MSGREE1URN,28041,MS
Grenada,MSGNURN,28043,MS
Hancock,MSHANC5URN,28045,MS
Harrison,MSHARR7URN,28047,MS
Hinds,MSHIND9URN,28049,MS
Holmes,MSHOURN,28051,MS
Humphreys,MSHUURN,28053,MS
Issaquena,MSISSA5URN,28055,MS
Itawamba,MSITURN,28057,MS
Jackson,TNMDURN,28059,MS
Jasper,MSJASP1URN,28061,MS
Jefferson,MSJEFF3URN,28063,MS
Jefferson Davis,MSJEFF5URN,28065,MS
Jones,MSJONE0URN,28067,MS
Kemper,MSKEMP9URN,28069,MS
Lafayette,MSLAURN,28071,MS
Lamar,MSLAMA3URN,28073,MS
Lauderdale,MSLAUD5URN,28075,MS
Lawrence,MSLAWR7URN,28077,MS
Leake,MSLEAK9URN,28079,MS
Lee,MSLCURN,28081,MS
Leflore,MSLFURN,28083,MS
Lincoln,MSLINC5URN,28085,MS
Lowndes,MSLOURN,28087,MS
Madison,TNMDURN,28089,MS
Marion,MSMARI1URN,28091,MS
Marshall,MSMSURN,28093,MS
Monroe,MSMOURN,28095,MS
Montgomery,MSMNURN,28097,MS
Neshoba,MSNESH9URN,28099,MS
Newton,MSNEWT1URN,28101,MS
Noxubee,MSNOURN,28103,MS
Oktibbeha,MSOKURN,28105,MS
Panola,MSPAURN,28107,MS
Pearl River,MSPEAR9URN,28109,MS
Perry,MSPERR1URN,28111,MS
Pike,MSPIKE3URN,28113,MS
Pontotoc,MSPOURN,28115,MS
Prentiss,MSPNURN,28117,MS
Quitman,MSQUURN,28119,MS
Rankin,MSRANK5URN,28121,MS
Scott,MSSCOT3URN,28123,MS
Sharkey,MSSHAR5URN,28125,MS
Simpson,MSSIMP7URN,28127,MS
Smith,MSSMIT9URN,28129,MS
Stone,MSSTON1URN,28131,MS
Sunflower,MSSUURN,28133,MS
Tallahatchie,MSTAURN,28135,MS
Tate,MSTTURN,28137,MS
Tippah,MSTIURN,28139,MS
Tishomingo,MSTSURN,28141,MS
Tunica,MSTUURN,28143,MS
Union,MSUNURN,28145,MS
Walthall,MSWALT7URN,28147,MS
Warren,MSWARR5URN,28149,MS
Washington,MSWSURN,28151,MS
Wayne,MSWAYN3URN,28153,MS
Webster,MSWEURN,28155,MS
Wilkinson,MSWILK7URN,28157,MS
Winston,MSWNURN,28159,MS
Yalobusha,MSYAURN,28161,MS
Yazoo,MSYAZO3URN,28163,MS
Adair,MOADURN,29001,MO
Andrew,MOANDR3URN,29003,MO
Atchison,MOATCH5URN,29005,MO
Audrain,MOAUURN,29007,MO
Barry,MOBAURN,29009,MO
Barton,MOBART1URN,29011,MO
Bates,MOBATE3URN,29013,MO
Benton,ARBEURN,29015,MO
Bollinger,MOBOURN,29017,MO
Boone,MOBNURN,29019,MO
Buchanan,MOBUCH1URN,29021,MO
Butler,MOBLURN,29023,MO
Caldwell,MOCALD5URN,29025,MO
Callaway,MOCLURN,29027,MO
Camden,MOCMURN,29029,MO
Cape Girardeau,MOCPURN,29031,MO
Carroll,MOCARR3URN,29033,MO
Carter,MOCTURN,29035,MO
Cass,MOCASS0URN,29037,MO
Cedar,MOCEDA9URN,29039,MO
Chariton,MOCHAR1URN,29041,MO
Christian,MOCIURN,29043,MO
Clark,OHCLAR5URN,29045,MO
Clay,MOCLAY7URN,29047,MO
Clinton,ILCNURN,29049,MO
Cole,MOCOURN,29051,MO
Cooper,MOCOOP3URN,29053,MO
Crawford,MOCWURN,29055,MO
Dade,MODAURN,29057,MO
Dallas,MODLURN,29059,MO
Daviess,MODAVI1URN,29061,MO
DeKalb,MODEKA3URN,29063,MO
Dent,MODNURN,29065,MO
Douglas,MODOURN,29067,MO
Dunklin,MODUURN,29069,MO
Franklin,MAFRAN1URN,29071,MO
Gasconade,MOGAURN,29073,MO
Gentry,MOGENT5URN,29075,MO
Greene,MOGRURN,29077,MO
Grundy,MOGRUN9URN,29079,MO
Harrison,MOHARR1URN,29081,MO
Henry,MOHENR3URN,29083,MO
Hickory,MOHICK5URN,29085,MO
Holt,MOHOLT7URN,29087,MO
Howard,MOHOWA9URN,29089,MO
Howell,MOHLURN,29091,MO
Iron,MOIRURN,29093,MO
Jackson,MOJACK5URN,29095,MO
Jasper,MOJASP5URN,29097,MO
Jefferson,MOJEURN,29099,MO
Johnson,KSJOHN1URN,29101,MO
Knox,MOKNURN,29103,MO
Rockland,NYROCK5URN,36087,NY
St. Lawrence,NYSTLA5URN,36089,NY
Saratoga,NYSARA0URN,36091,NY
Schenectady,NYALBA1URN,36093,NY
Schoharie,NYSCHO5URN,36095,NY
Schuyler,NYSCHU7URN,36097,NY
Seneca,NYSENE9URN,36099,NY
Steuben,NYSTEU5URN,36101,NY
Suffolk,NYSUFF0URN,36103,NY
Sullivan,NYSULL5URN,36105,NY
Tioga,NYTIOG7URN,36107,NY
Tompkins,NYTOMP0URN,36109,NY
Ulster,NYULST0URN,36111,NY
Warren,NYWARR5URN,36113,NY
Washington,NYWASH5URN,36115,NY
Wayne,NYNEWY1URN,36117,NY
Westchester,NYWEST9URN,36119,NY
Wyoming,NYWYOM1URN,36121,NY
Yates,NYYATE3URN,36123,NY
Alamance,NCALAM1URN,37001,NC
Alexander,NCALEX3URN,37003,NC
Alleghany,NCALLE5URN,37005,NC
Anson,NCANSO7URN,37007,NC
Ashe,NCASHE9URN,37009,NC
Avery,NCAVER1URN,37011,NC
Beaufort,NCBEAU3URN,37013,NC
Bertie,NCBERT5URN,37015,NC
Bladen,NCBLAD7URN,37017,NC
Morton,NDMORT9URN,38059,ND
Mountrail,NDMOUN1URN,38061,ND
Nelson,NDNELS3URN,38063,ND
Oliver,NDOLIV5URN,38065,ND
Pembina,NDPEMB7URN,38067,ND
Pierce,NDPIER9URN,38069,ND
Ramsey,NDRAMS1URN,38071,ND
Ransom,NDRANS3URN,38073,ND
Renville,NDRENV5URN,38075,ND
Richland,NDRICH7URN,38077,ND
Rolette,NDROLE9URN,38079,ND
Sargent,NDSARG1URN,38081,ND
Sheridan,NDSHER3URN,38083,ND
Sioux,NDSIOU5URN,38085,ND
Slope,NDSLOP7URN,38087,ND
Stark,NDSTAR9URN,38089,ND
Steele,NDSTEE1URN,38091,ND
Stutsman,NDSTUT3URN,38093,ND
Towner,NDTOWN5URN,38095,ND
Traill,NDTRAI7URN,38097,ND
Walsh,NDWALS9URN,38099,ND
Ward,NDWARD0URN,38101,ND
Wells,NDWELL3URN,38103,ND
Williams,NDWILL5URN,38105,ND
Adams,OHADAM1URN,39001,OH
Allen,OHALLE0URN,39003,OH
Ashland,OHASHL5URN,39005,OH
Ashtabula,OHASHT1URN,39007,OH
Athens,OHATHE5URN,39009,OH
Auglaize,OHAUGL1URN,39011,OH
Belmont,OHBELM0URN,39013,OH
Brown,OHBROW5URN,39015,OH
Butler,OHBUTL2URN,39017,OH
Carroll,OHCARR9URN,39019,OH
Champaign,OHCHAM1URN,39021,OH
Clark,OHCLAR5URN,39023,OH
Clermont,OHCLER0URN,39025,OH
Clinton,OHCLIN7URN,39027,OH
Columbiana,OHCOLU9URN,39029,OH
Coshocton,OHCOSH1URN,39031,OH
Crawford,OHCRAW0URN,39033,OH
Cuyahoga,OHCUYA5URN,39035,OH
Darke,OHDARK0URN,39037,OH
Defiance,OHDEFI9URN,39039,OH
Delaware,OHDELA5URN,39041,OH
Erie,OHERIE5URN,39043,OH
Fairfield,OHFAIR0URN,39045,OH
Fayette,OHFAYE7URN,39047,OH
Franklin,OHFRAN0URN,39049,OH
Fulton,OHFULT1URN,39051,OH
Gallia,OHGALL3URN,39053,OH
Geauga,OHGEAU5URN,39055,OH
Greene,MOGRURN,39057,OH
Guernsey,OHGUER9URN,39059,OH
Hamilton,OHHAMI1URN,39061,OH
Hancock,OHHANC5URN,39063,OH
Hardin,OHHARD5URN,39065,OH
Harrison,OHHARR7URN,39067,OH
Henry,OHHENR9URN,39069,OH
Highland,OHHIGH1URN,39071,OH
Hocking,OHHOCK3URN,39073,OH
Holmes,OHHOLM5URN,39075,OH
Huron,OHHURO5URN,39077,OH
Jackson,OHJACK9URN,39079,OH
Jefferson,OHJEFF0URN,39081,OH
Knox,OHKNOX3URN,39083,OH
Lake,OHLAKE2URN,39085,OH
Lawrence,OHLAWR5URN,39087,OH
Licking,OHLICK0URN,39089,OH
Logan,OHLOGA1URN,39091,OH
Lorain,OHLORA3URN,39093,OH
Lucas,OHLUCA5URN,39095,OH
Madison,OHMADI7URN,39097,OH
Mahoning,OHMAHO9URN,39099,OH
Marion,GAMARI7URN,39101,OH
Medina,OHMEDI0URN,39103,OH
Meigs,OHMEIG5URN,39105,OH
Mercer,OHMERC7URN,39107,OH
Miami,OHMIAM5URN,39109,OH
Monroe,OHMONR1URN,39111,OH
Montgomery,OHMONT3URN,39113,OH
Morgan,OHMORG5URN,39115,OH
Morrow,OHMORR7URN,39117,OH
Muskingum,OHMUSK0URN,39119,OH
Noble,OHNOBL1URN,39121,OH
Ottawa,OHOTTA3URN,39123,OH
Paulding,OHPAUL5URN,39125,OH
Perry,OHPERR7URN,39127,OH
Pickaway,OHPICK9URN,39129,OH
Pike,OHPIKE1URN,39131,OH
Portage,OHPORT7URN,39133,OH
Preble,OHPREB5URN,39135,OH
Hickman,TNHICK1URN,47081,TN
Houston,TNHOUS3URN,47083,TN
Humphreys,TNHUMP5URN,47085,TN
Jackson,TNMDURN,47087,TN
Jefferson,TNJEFF9URN,47089,TN
Johnson,TNWASH0URN,47091,TN
Knox,TNKNOX5URN,47093,TN
Lake,OHLAKE2URN,47095,TN
Lauderdale,TNLUURN,47097,TN
Lawrence,TNLAWR9URN,47099,TN
Lewis,TNLEWI1URN,47101,TN
Lincoln,TNLINC3URN,47103,TN
Loudon,TNLOUD5URN,47105,TN
McMinn,TNMCMI7URN,47107,TN
McNairy,TNMNURN,47109,TN
Macon,TNMACO1URN,47111,TN
Madison,TNMDURN,47113,TN
Marion,TNMARI5URN,47115,TN
Marshall,TNMARS7URN,47117,TN
Maury,TNMAUR0URN,47119,TN
Meigs,TNMEIG1URN,47121,TN
Monroe,TNMONR3URN,47123,TN
Montgomery,TNMONT5URN,47125,TN
Moore,TNMOOR7URN,47127,TN
Morgan,TNMORG9URN,47129,TN
Obion,TNOBURN,47131,TN
Overton,TNOVER3URN,47133,TN
Perry,TNPERR5URN,47135,TN
Pickett,TNPICK7URN,47137,TN
Polk,TNPOLK9URN,47139,TN
Putnam,TNPUTN1URN,47141,TN
Rhea,TNRHEA3URN,47143,TN
Roane,TNROAN5URN,47145,TN
Robertson,TNROBE7URN,47147,TN
Rutherford,TNRUTH0URN,47149,TN
Scott,TNSCOT1URN,47151,TN
Sequatchie,TNSEQU3URN,47153,TN
Sevier,TNSEVI5URN,47155,TN
Shelby,TNSHURN,47157,TN
Smith,TNSMIT9URN,47159,TN
Stewart,TNSTEW1URN,47161,TN
Sullivan,TNSULL0URN,47163,TN
Sumner,TNSUMN5URN,47165,TN
Tipton,TNTIURN,47167,TN
Trousdale,TNTROU9URN,47169,TN
Unicoi,TNUNIC1URN,47171,TN
Union,TNUNIO3URN,47173,TN
Van Buren,TNVANB5URN,47175,TN
Warren,TNWARR7URN,47177,TN
Washington,TNWASH0URN,47179,TN
Wayne,TNWAYN1URN,47181,TN
Weakley,TNWEURN,47183,TN
White,TNWHIT5URN,47185,TN
Williamson,TNWILL0URN,47187,TN
Wilson,TNWILS0URN,47189,TN
Anderson,TXANDE1URN,48001,TX
Andrews,TXANDR3URN,48003,TX
Angelina,TXANGE5URN,48005,TX
Aransas,TXARAN7URN,48007,TX
Archer,TXARCH9URN,48009,TX
Armstrong,TXARMS1URN,48011,TX
Atascosa,TXATAS3URN,48013,TX
Austin,TXWILL5URN,48015,TX
Bailey,TXBAIL7URN,48017,TX
Bandera,TXBAND9URN,48019,TX
Bastrop,TXBAST1URN,48021,TX
Baylor,TXBAYL3URN,48023,TX
Bee,TXBEEC5URN,48025,TX
Bell,TXBELL7URN,48027,TX
Bexar,TXBEXA9URN,48029,TX
Blanco,TXBLAN1URN,48031,TX
Borden,TXBORD3URN,48033,TX
Bosque,TXBOSQ5URN,48035,TX
Bowie,TXBOWI7URN,48037,TX
Brazoria,TXHARR1URN,48039,TX
Brazos,TXBRAZ3URN,48041,TX
Brewster,TXBREW3URN,48043,TX
Briscoe,TXBRIS5URN,48045,TX
Brooks,TXBROO7URN,48047,TX
Brown,TXBROW9URN,48049,TX
Burleson,TXBURL1URN,48051,TX
Burnet,TXBURN3URN,48053,TX
Caldwell,TXCALD5URN,48055,TX
Calhoun,TXCALH7URN,48057,TX
Callahan,TXCALL9URN,48059,TX
Cameron,TXCAME2URN,48061,TX
Camp,TXCAMP3URN,48063,TX
Carson,TXCARS5URN,48065,TX
Cass,TXCASS7URN,48067,TX
Castro,TXCAST9URN,48069,TX
Chambers,TXCHAM1URN,48071,TX
Cherokee,TXCHER3URN,48073,TX
Childress,TXCHIL5URN,48075,TX
Clay,TXCLAY7URN,48077,TX
Cochran,TXCOCH9URN,48079,TX
Coke,TXCOKE1URN,48081,TX
Coleman,TXCOLE3URN,48083,TX
Collin,TXCOLL5URN,48085,TX
Collingsworth,TXCOLL7URN,48087,TX
Colorado,TXCOLO9URN,48089,TX
Comal,TXCOMA1URN,48091,TX
Comanche,TXCOMA3URN,48093,TX
Concho,TXCONC5URN,48095,TX
Cooke,TXCOOK7URN,48097,TX
Coryell,TXCORY0URN,48099,TX
Cottle,TXCOTT1URN,48101,TX
Crane,TXCRAN3URN,48103,TX
Crockett,TXCROC5URN,48105,TX
Crosby,TXCROS7URN,48107,TX
Culberson,TXCULB9URN,48109,TX
Dallam,TXDALL1URN,48111,TX
Dallas,TXDALL3URN,48113,TX
Dawson,TXDAWS5URN,48115,TX
Deaf Smith,TXDEAF7URN,48117,TX
Delta,TXDELT9URN,48119,TX
Denton,TXDENT2URN,48121,TX
DeWitt,TXDEWI3URN,48123,TX
Dickens,TXDICK5URN,48125,TX
Parker,TXPARK7URN,48367,TX
Parmer,TXPARM9URN,48369,TX
Kewaunee,WIKEWA1URN,55061,WI
La Crosse,WILACR3URN,55063,WI
Lafayette,WILAFA5URN,55065,WI
Langlade,WILANG7URN,55067,WI
Lincoln,WILINC9URN,55069,WI
Manitowoc,WIMANI5URN,55071,WI
Marathon,WIMARA0URN,55073,WI
Marinette,WIMARI5URN,55075,WI
Marquette,WIMARQ7URN,55077,WI
Menominee,WIMENO8URN,55078,WI
Milwaukee,WIMILW5URN,55079,WI
Monroe,WIMONR1URN,55081,WI
Oconto,WIOCON3URN,55083,WI
Oneida,WIONEI5URN,55085,WI
Outagamie,WIOUTA5URN,55087,WI
Ozaukee,WIOZAU6URN,55089,WI
Pepin,WIPEPI1URN,55091,WI
Pierce,WIPIER3URN,55093,WI
Polk,WIPOLK5URN,55095,WI
Portage,WIPORT0URN,55097,WI
Price,WIPRIC9URN,55099,WI
Racine,WIMILW5URN,55101,WI
Richland,WIRICH3URN,55103,WI
Rock,WIROCK0URN,55105,WI
Rusk,WIRUSK7URN,55107,WI
St. Croix,WISTCR9URN,55109,WI
Sauk,WISAUK1URN,55111,WI
Sawyer,WISAWY3URN,55113,WI
Shawano,WISHAW5URN,55115,WI
Sheboygan,WISHEB5URN,55117,WI
Taylor,WITAYL9URN,55119,WI
Trempealeau,WITREM1URN,55121,WI
Vernon,WIVERN3URN,55123,WI
Vilas,WIVILA5URN,55125,WI
Walworth,WIWALW0URN,55127,WI
Washburn,WIWASH9URN,55129,WI
Washington,WIWASH7URN,55131,WI
Waukesha,WIMILW5URN,55133,WI
Waupaca,WIWAUP5URN,55135,WI
Waushara,WIWAUS7URN,55137,WI
Winnebago,WIWINN9URN,55139,WI
Wood,WIWOOD0URN,55141,WI
Albany,WYALBA1URN,56001,WY
Big Horn,WYBIGH3URN,56003,WY
Campbell,WYCAMP5URN,56005,WY
Carbon,WYCARB7URN,56007,WY
Converse,WYCONV9URN,56009,WY
Crook,WYCROO1URN,56011,WY
Fremont,WYFREM3URN,56013,WY
Goshen,WYGOSH5URN,56015,WY
Hot Springs,WYHOTS7URN,56017,WY
Johnson,WYJOHN9URN,56019,WY
Laramie,WYLARA0URN,56021,WY
Lincoln,WYLINC3URN,56023,WY
Natrona,WYNATR5URN,56025,WY
Niobrara,WYNIOB7URN,56027,WY
Glades,FLGLAD3URN,12043,FL
Gulf,FLGULF5URN,12045,FL
Hamilton,FLHAMI7URN,12047,FL
Hardee,FLHARD9URN,12049,FL
Hendry,FLHEND1URN,12051,FL
Hernando,FLHERN3URN,12053,FL
Highlands,FLHIGH5URN,12055,FL
Hillsborough,FLHILL7URN,12057,FL
Holmes,FLHOLM9URN,12059,FL
Indian River,FLINDI0URN,12061,FL
Jackson,FLJACK3URN,12063,FL
Jefferson,FLJEFF5URN,12065,FL
Terrell,GATERR3URN,13273,GA
Thomas,GATHOM5URN,13275,GA
Tift,GATIFT7URN,13277,GA
Toombs,GATOOM9URN,13279,GA
Towns,GATOWN1URN,13281,GA
Treutlen,GATREU3URN,13283,GA
Troup,GATROU5URN,13285,GA
Turner,GATURN7URN,13287,GA
Twiggs,GATWIG9URN,13289,GA
Union,OHUNIO9URN,13291,GA
Upson,GAUPSO3URN,13293,GA
Walker,GAWALK0URN,13295,GA
Walton,GAWALT7URN,13297,GA
Ware,GAWARE9URN,13299,GA
Warren,GAWARR1URN,13301,GA
Washington,GAWASH3URN,13303,GA
Wayne,GAWAYN5URN,13305,GA
Webster,GAWEBS7URN,13307,GA
Wheeler,GAWHEE9URN,13309,GA
White,GAWHIT1URN,13311,GA
Whitfield,GAWHIT5URN,13313,GA
Wilcox,GAWILC5URN,13315,GA
Wilkes,GAWILK7URN,13317,GA
Wilkinson,GAWILK9URN,13319,GA
Madison,INMADI5URN,18095,IN
Marion,INMARI0URN,18097,IN
Marshall,INMARS9URN,18099,IN
Martin,INMTURN,18101,IN
Miami,INMIAM3URN,18103,IN
Monroe,INMONR5URN,18105,IN
Montgomery,INMONT7URN,18107,IN
Morgan,INMORG5URN,18109,IN
Newton,INNEWT1URN,18111,IN
Noble,INNOBL3URN,18113,IN
Ohio,INOHIO5URN,18115,IN
Orange,INORURN,18117,IN
Owen,INOWEN9URN,18119,IN
Parke,INPARK1URN,18121,IN
Perry,INPEURN,18123,IN
Pike,INPIURN,18125,IN
Porter,INPORT5URN,18127,IN
Posey,INPSURN,18129,IN
Pulaski,INPULA1URN,18131,IN
Putnam,INPUTN3URN,18133,IN
Randolph,INRAND5URN,18135,IN
Ripley,INRIPL7URN,18137,IN
Rush,INRUSH9URN,18139,IN
St. Joseph,INSTJO7URN,18141,IN
Scott,INSCURN,18143,IN
Spencer,KYSPURN,21215,KY
Taylor,KYTAURN,21217,KY
Todd,KYTOURN,21219,KY
Trigg,KYTRURN,21221,KY
Trimble,KYTIURN,21223,KY
Union,KYUNURN,21225,KY
Warren,OHWARR5URN,21227,KY
Washington,KYWSURN,21229,KY
Wayne,WVWAYN9URN,21231,KY
Webster,KYWEURN,21233,KY
Whitley,KYWHIT5URN,21235,KY
Wolfe,KYWOLF7URN,21237,KY
Woodford,KYWOOD9URN,21239,KY
Acadia,LAACAD0URN,22001,LA
Allen,LAALLE3URN,22003,LA
Ascension,LAASCE0URN,22005,LA
Assumption,LAASSU7URN,22007,LA
Avoyelles,LAAVOY9URN,22009,LA
Beauregard,LABEAU1URN,22011,LA
Bienville,LABIEN3URN,22013,LA
Bossier,LACADD7URN,22015,LA
Caddo,LACADD7URN,22017,LA
Calcasieu,LACALC9URN,22019,LA
Caldwell,LACALD1URN,22021,LA
Cameron,LACAME3URN,22023,LA
Catahoula,LACATA5URN,22025,LA
Claiborne,LACLAI7URN,22027,LA
Concordia,LACONC9URN,22029,LA
De Soto,LADESO1URN,22031,LA
East Baton Rouge,LAEAST5URN,22033,LA
East Carroll,LAEAST3URN,22035,LA
East Feliciana,LAEAST7URN,22037,LA
Evangeline,LAEVAN9URN,22039,LA
Franklin,LAFRAN1URN,22041,LA
Grant,LAGRAN3URN,22043,LA
Iberia,LAIBER0URN,22045,LA
Iberville,LAIBER7URN,22047,LA
Jackson,LAJACK9URN,22049,LA
Jefferson,LAJEFF5URN,22051,LA
Jefferson Davis,LAJEFF3URN,22053,LA
Lafayette,INTIPP7URN,22055,LA
Lafourche,LALAFO5URN,22057,LA
Lincoln,LALINC1URN,22061,LA
Livingston,LALIVI7URN,22063,LA
Madison,LAMADI5URN,22065,LA
Morehouse,LAMORE7URN,22067,LA
Natchitoches,LANATC9URN,22069,LA
Orleans,LAORLE0URN,22071,LA
Ouachita,LAOUAC2URN,22073,LA
Plaquemines,LAPLAQ5URN,22075,LA
Pointe Coupee,LAPOIN7URN,22077,LA
Rapides,LARAPI5URN,22079,LA
Red River,LAREDR1URN,22081,LA
Richland,LARICH3URN,22083,LA
Sabine,LASABI5URN,22085,LA
St. Bernard,LASTBE5URN,22087,LA
St. Charles,LASTCH9URN,22089,LA
St. Helena,LASTHE1URN,22091,LA
St. James,LASTJA3URN,22093,LA
St. John the Baptist,LASTJO5URN,22095,LA
St. Landry,LASTLA0URN,22097,LA
St. Martin,LASTMA9URN,22099,LA
St. Mary,LASTMA5URN,22101,LA
St. Tammany,LASTTA0URN,22103,LA
Tangipahoa,LATANG5URN,22105,LA
Tensas,LATENS7URN,22107,LA
Terrebonne,LATERR5URN,22109,LA
Union,LAUNIO1URN,22111,LA
Vermilion,LAVERM3URN,22113,LA
Vernon,LAVERN5URN,22115,LA
Washington,LAWASH7URN,22117,LA
Webster,LAWEBS9URN,22119,LA
West Baton Rouge,LAWEST5URN,22121,LA
West Carroll,LAWEST3URN,22123,LA
West Feliciana,LAWEST5URN,22125,LA
Winn,LAWINN7URN,22127,LA
Androscoggin,MEANDR0URN,23001,ME
Aroostook,MEAROO5URN,23003,ME
Cumberland,MECUMB5URN,23005,ME
Franklin,MEFRAN7URN,23007,ME
Hancock,MEHANC9URN,23009,ME
Kennebec,MEKENN7URN,23011,ME
Knox,MEKNOX3URN,23013,ME
Lincoln,MELINC5URN,23015,ME
Oxford,MEOXFO7URN,23017,ME
Penobscot,MEPENO0URN,23019,ME
Piscataquis,MEPISC1URN,23021,ME
Sagadahoc,MESAGA3URN,23023,ME
Somerset,MESOME5URN,23025,ME
Waldo,MEWALD7URN,23027,ME
Washington,MEWASH9URN,23029,ME
York,MEYORK0URN,23031,ME
Allegany,MDALLE0URN,24001,MD
Anne Arundel,MDANNE5URN,24003,MD
Baltimore,DCDIST5URN,24005,MD
Calvert,MDCALV9URN,24009,MD
Caroline,MDCARO1URN,24011,MD
Carroll,MDCARR5URN,24013,MD
Cecil,MDCECI0URN,24015,MD
Charles,MDCHAR0URN,24017,MD
Dorchester,MDDORC9URN,24019,MD
Frederick,MDFRED5URN,24021,MD
Garrett,MDGARR3URN,24023,MD
Harford,MDHARF0URN,24025,MD
Howard,MDHOWA0URN,24027,MD
Kent,MDKENT9URN,24029,MD
Montgomery,MDMONT0URN,24031,MD
Prince George's,MDPRIN5URN,24033,MD
Queen Anne's,MDQUEE5URN,24035,MD
St. Mary's,MDSTMA5URN,24037,MD
Somerset,MDSOME9URN,24039,MD
Talbot,MDTALB1URN,24041,MD
Washington,DCDIST5URN,24043,MD
Wicomico,MDWICO5URN,24045,MD
Worcester,MDWORC7URN,24047,MD
Fillmore,MNFILL5URN,27045,MN
Freeborn,MNFREE7URN,27047,MN
Goodhue,MNGOOD9URN,27049,MN
Merrimack,NHMERR5URN,33013,NH
Rockingham,NHROCK5URN,33015,NH
Strafford,NHSTRA0URN,33017,NH
Sullivan,NHSULL9URN,33019,NH
Atlantic,PAPHIL5URN,34001,NJ
Bergen,NJBERG5URN,34003,NJ
Burlington,NJBURL0URN,34005,NJ
Camden,PAPHIL5URN,34007,NJ
Cape May,NJCAPE1URN,34009,NJ
Cumberland,NJCUMB2URN,34011,NJ
Essex,NJESSE3URN,34013,NJ
Gloucester,NJGLOU5URN,34015,NJ
Hudson,NJHUDS7URN,34017,NJ
Hunterdon,NJHUNT0URN,34019,NJ
Mercer,NJMERC1URN,34021,NJ
Middlesex,NJMIDD2URN,34023,NJ
Monmouth,NJMONM3URN,34025,NJ
Morris,NJMORR5URN,34027,NJ
Ocean,NJCAPE1URN,34029,NJ
Passaic,NJPASS1URN,34031,NJ
Salem,NJSALE5URN,34033,NJ
Somerset,NJSOME0URN,34035,NJ
Sussex,NJSUSS0URN,34037,NJ
Union,NJUNIO9URN,34039,NJ
Warren,NJWARR5URN,34041,NJ
Bernalillo,NMBERN1URN,35001,NM
Catron,NMCATR3URN,35003,NM
Chaves,NMCHAV5URN,35005,NM
Cibola,NMCIBO6URN,35006,NM
Colfax,NMCOLF7URN,35007,NM
Curry,NMCURR9URN,35009,NM
De Baca,NMDEBA1URN,35011,NM
Eddy,NMEDDY5URN,35015,NM
Grant,NMGRAN7URN,35017,NM
Guadalupe,NMGUAD9URN,35019,NM
Harding,NMHARD1URN,35021,NM
Hidalgo,NMHIDA3URN,35023,NM
Lea,NMLEAC0URN,35025,NM
Lincoln,NMLINC7URN,35027,NM
Los Alamos,NMLOSA8URN,35028,NM
Luna,NMLUNA9URN,35029,NM
McKinley,NMMCKI5URN,35031,NM
Mora,NMMORA3URN,35033,NM
Otero,NMOTER5URN,35035,NM
Quay,NMQUAY7URN,35037,NM
Rio Arriba,NMRIOA9URN,35039,NM
Roosevelt,NMROOS1URN,35041,NM
Sandoval,NMSAND3URN,35043,NM
San Juan,NMSANJ0URN,35045,NM
San Miguel,NMSANM7URN,35047,NM
Santa Fe,NMSANT5URN,35049,NM
Sierra,NMSIER1URN,35051,NM
Socorro,NMSOCO3URN,35053,NM
Taos,NMTAOS5URN,35055,NM
Torrance,NMTORR7URN,35057,NM
Union,NMUNIO9URN,35059,NM
Valencia,NMVALE0URN,35061,NM
Albany,NYALBA1URN,36001,NY
Allegany,NYALLE2URN,36003,NY
Bronx,NYBRON5URN,36005,NY
Broome,NYBROO7URN,36007,NY
Cattaraugus,NYCATT0URN,36009,NY
Cayuga,NYCAYU5URN,36011,NY
Chautauqua,NYCHAU5URN,36013,NY
Chemung,NYCHEM2URN,36015,NY
Chenango,NYCHEN7URN,36017,NY
Clinton,NYCLIN0URN,36019,NY
Columbia,NYCOLU5URN,36021,NY
Cortland,NYCORT3URN,36023,NY
Delaware,NYDELA5URN,36025,NY
Dutchess,NYDUTC7URN,36027,NY
Erie,NYERIE9URN,36029,NY
Essex,NJESSE3URN,36031,NY
Franklin,NYFRAN3URN,36033,NY
Fulton,NYFULT0URN,36035,NY
Genesee,NYGENE5URN,36037,NY
Greene,NYGREE9URN,36039,NY
Hamilton,NYHAMI1URN,36041,NY
Herkimer,NYHERK0URN,36043,NY
Jefferson,NYJEFF0URN,36045,NY
Kings,NYKING7URN,36047,NY
Lewis,NYLEWI9URN,36049,NY
Livingston,NYLIVI0URN,36051,NY
Madison,NYMADI5URN,36053,NY
Monroe,NYMONR5URN,36055,NY
Montgomery,NYMONT0URN,36057,NY
Nassau,NYNASS9URN,36059,NY
New York,NYNEWY1URN,36061,NY
Niagara,NYERIE9URN,36063,NY
Oneida,NYONEI5URN,36065,NY
Onondaga,NYONON7URN,36067,NY
Ontario,NYONTA5URN,36069,NY
Orange,NYORAN1URN,36071,NY
Orleans,NYORLE3URN,36073,NY
Oswego,NYOSWE5URN,36075,NY
Otsego,NYOTSE0URN,36077,NY
Putnam,NYPUTN0URN,36079,NY
Queens,NYQUEE1URN,36081,NY
Rensselaer,NYRENS0URN,36083,NY
Richmond,NYRICH5URN,36085,NY
Putnam,OHPUTN7URN,39137,OH
Richland,OHRICH9URN,39139,OH
Ross,OHROSS5URN,39141,OH
Sandusky,OHSAND0URN,39143,OH
Scioto,OHSCIO9URN,39145,OH
Seneca,OHSENE0URN,39147,OH
Shelby,OHSHEL9URN,39149,OH
Stark,OHSTAR1URN,39151,OH
Summit,OHSUMM3URN,39153,OH
Trumbull,OHTRUM1URN,39155,OH
Tuscarawas,OHTUSC5URN,39157,OH
Union,OHUNIO9URN,39159,OH
Van Wert,OHVANW1URN,39161,OH
Vinton,OHVINT3URN,39163,OH
Warren,OHWARR5URN,39165,OH
Washington,OHWASH0URN,39167,OH
Wayne,OHWAYN5URN,39169,OH
Williams,OHWILL1URN,39171,OH
Wood,WVWOOD0URN,39173,OH
Rains,TXRAIN9URN,48379,TX
Randall,TXRAND1URN,48381,TX
Reagan,TXREAG3URN,48383,TX
Real,TXREAL5URN,48385,TX
Red River,TXREDR7URN,48387,TX
Reeves,TXREEV9URN,48389,TX
Refugio,TXREFU1URN,48391,TX
Roberts,TXROBE3URN,48393,TX
Robertson,TXROBE5URN,48395,TX
Rockwall,TXROCK7URN,48397,TX
Runnels,TXRUNN9URN,48399,TX
Rusk,TXRUSK1URN,48401,TX
Sabine,TXSABI3URN,48403,TX
San Augustine,TXSANA5URN,48405,TX
San Jacinto,TXSANJ7URN,48407,TX
San Patricio,TXSANP5URN,48409,TX
San Saba,TXSANS1URN,48411,TX
Schleicher,TXSCHL3URN,48413,TX
Scurry,TXSCUR5URN,48415,TX
Shackelford,TXSHAC7URN,48417,TX
Shelby,TXSHEL9URN,48419,TX
Sherman,TXGRAY0URN,48421,TX
Smith,TXSMIT3URN,48423,TX
Somervell,TXSOME5URN,48425,TX
Starr,TXSTAR7URN,48427,TX
Stephens,TXSTEP9URN,48429,TX
Sterling,TXSTER1URN,48431,TX
Stonewall,TXSTON3URN,48433,TX
Sutton,TXSUTT5URN,48435,TX
Swisher,TXSWIS7URN,48437,TX
Tarrant,TXTARR9URN,48439,TX
Taylor,TXTAYL1URN,48441,TX
Terrell,TXTERR3URN,48443,TX
Terry,TXTERR5URN,48445,TX
Throckmorton,TXTHRO7URN,48447,TX
Titus,TXTITU9URN,48449,TX
Tom Green,TXTOMG1URN,48451,TX
Travis,TXTRAV3URN,48453,TX
Trinity,TXTRIN5URN,48455,TX
Tyler,TXSMIT3URN,48457,TX
Upshur,TXUPSH9URN,48459,TX
Upton,TXUPTO1URN,48461,TX
Uvalde,TXUVAL3URN,48463,TX
Val Verde,TXVALV5URN,48465,TX
Van Zandt,TXVANZ7URN,48467,TX
Victoria,TXVICT0URN,48469,TX
Walker,TXWALK1URN,48471,TX
Waller,TXWALL3URN,48473,TX
Ward,TXWARD5URN,48475,TX
Washington,WACOWL5URN,48477,TX
Webb,TXWEBB7URN,48479,TX
Wharton,TXWHAR1URN,48481,TX
Wheeler,TXWHEE3URN,48483,TX
Wichita,TXWICH5URN,48485,TX
Wilbarger,TXWILB7URN,48487,TX
Willacy,TXWILL9URN,48489,TX
Williamson,TXWILL5URN,48491,TX
Wilson,TXWILS3URN,48493,TX
Winkler,TXWINK5URN,48495,TX
Wise,TXWISE7URN,48497,TX
Wood,TXWOOD9URN,48499,TX
Yoakum,TXYOAK1URN,48501,TX
Young,TXYOUN3URN,48503,TX
Zapata,TXZAPA5URN,48505,TX
Zavala,TXZAVA7URN,48507,TX
Beaver,UTBEAV1URN,49001,UT
Box Elder,UTBOXE3URN,49003,UT
Cache,UTCACH0URN,49005,UT
Carbon,UTCARB7URN,49007,UT
Daggett,UTDAGG9URN,49009,UT
Davis,UTDAVI0URN,49011,UT
Duchesne,UTDUCH3URN,49013,UT
Emery,UTEMER5URN,49015,UT
Garfield,UTGARF7URN,49017,UT
Grand,UTGRAN9URN,49019,UT
Iron,UTIRON1URN,49021,UT
Juab,UTJUAB3URN,49023,UT
Kane,UTKANE5URN,49025,UT
Millard,UTMILL7URN,49027,UT
Morgan,UTMORG9URN,49029,UT
Piute,UTPIUT1URN,49031,UT
Rich,UTRICH3URN,49033,UT
Salt Lake,UTSALT5URN,49035,UT
San Juan,UTSANJ7URN,49037,UT
Sanpete,UTSANP9URN,49039,UT
Sevier,UTSEVI1URN,49041,UT
Summit,UTSUMM3URN,49043,UT
Tooele,UTTOOE5URN,49045,UT
Uintah,UTUINT7URN,49047,UT
Utah,UTUTAH9URN,49049,UT
Wasatch,UTWASA1URN,49051,UT
Washington,UTWASH3URN,49053,UT
Wayne,UTWAYN5URN,49055,UT
Weber,UTWEBE7URN,49057,UT
Addison,VTADDI1URN,50001,VT
Bennington,VTBENN3URN,50003,VT
Caledonia,VTCALE5URN,50005,VT
Chittenden,VTCHIT0URN,50007,VT
Essex,VTESSE9URN,50009,VT
Franklin,VTFRAN1URN,50011,VT
Grand Isle,VTGRAN3URN,50013,VT
Lamoille,VTLAMO5URN,50015,VT
Orange,VTORAN7URN,50017,VT
Orleans,VTORLE9URN,50019,VT
Rutland,VTRUTL0URN,50021,VT
Washington,VTWASH0URN,50023,VT
Windham,VTWIND5URN,50025,VT
Windsor,VTWIND0URN,50027,VT
Accomack,VAACCO1URN,51001,VA
Albemarle,VAALBE7URN,51003,VA
Alleghany,VAALLE5URN,51005,VA
Amelia,VAAMEL7URN,51007,VA
Amherst,VAAMHE9URN,51009,VA
Appomattox,VAAPPO1URN,51011,VA
Arlington,DCDIST5URN,51013,VA
Augusta,VAAUGU0URN,51015,VA
Bath,VABATH7URN,51017,VA
Bedford,VABEDF9URN,51019,VA
Bland,VABLAN1URN,51021,VA
Botetourt,VABOTE3URN,51023,VA
Shelby,INSHEL5URN,18145,IN
Spencer,INSPURN,18147,IN
Starke,INSTAR9URN,18149,IN
Steuben,INSTEU1URN,18151,IN
Sullivan,INSUURN,18153,IN
Switzerland,INSWURN,18155,IN
Tippecanoe,INTIPP7URN,18157,IN
Tipton,INTIPT9URN,18159,IN
Union,INUNIO1URN,18161,IN
Vanderburgh,INVAURN,18163,IN
Vermillion,INVERM5URN,18165,IN
Vigo,INVIGO0URN,18167,IN
Wabash,INWABA9URN,18169,IN
Warren,INWARR1URN,18171,IN
Warrick,INWIURN,18173,IN
Washington,INWSURN,18175,IN
Wayne,INALLE3URN,18177,IN
Wells,INWELL9URN,18179,IN
White,INWHIT1URN,18181,IN
Whitley,INWHIT3URN,18183,IN
Adair,IAADAI1URN,19001,IA
Adams,IAADAM3URN,19003,IA
Allamakee,IAALLA5URN,19005,IA
Appanoose,IAAPPA7URN,19007,IA
Audubon,IAAUDU9URN,19009,IA
Benton,IABENT1URN,19011,IA
Black Hawk,IABLAC2URN,19013,IA
Boone,IABOON5URN,19015,IA
Bremer,IABREM7URN,19017,IA
Buchanan,IABUCH9URN,19019,IA
Buena Vista,IABUEN1URN,19021,IA
Butler,IABUTL3URN,19023,IA
Calhoun,IACALH5URN,19025,IA
Carroll,IACARR7URN,19027,IA
Cass,NECASS5URN,19029,IA
Cedar,IALINN0URN,19031,IA
Cerro Gordo,IACERR3URN,19033,IA
Cherokee,IACHER5URN,19035,IA
Chickasaw,IACHIC7URN,19037,IA
Clarke,IACLAR9URN,19039,IA
Clay,IACLAY1URN,19041,IA
Clayton,IACLAY3URN,19043,IA
Clinton,IACLIN0URN,19045,IA
Crawford,IACRAW7URN,19047,IA
Dallas,IADALL9URN,19049,IA
Davis,IADAVI1URN,19051,IA
Decatur,IADECA3URN,19053,IA
Delaware,IADELA5URN,19055,IA
Des Moines,IAPOLK3URN,19057,IA
Dickinson,IADICK9URN,19059,IA
Dubuque,IADUBU1URN,19061,IA
Emmet,IAEMME3URN,19063,IA
Fayette,IAFAYE5URN,19065,IA
Floyd,IAFLOY7URN,19067,IA
Franklin,IAFRAN9URN,19069,IA
Fremont,IAFREM1URN,19071,IA
Greene,IAGREE3URN,19073,IA
Grundy,IAGRUN5URN,19075,IA
Guthrie,IAGUTH7URN,19077,IA
Hamilton,IAHAMI9URN,19079,IA
Hancock,IAHANC1URN,19081,IA
Marion,KYMIURN,21155,KY
Marshall,KYMSURN,21157,KY
Martin,KYMART9URN,21159,KY
Mason,KYMASO1URN,21161,KY
Meade,KYMEURN,21163,KY
Menifee,KYMENI5URN,21165,KY
Mercer,KYMUURN,21167,KY
Metcalfe,KYMFURN,21169,KY
Monroe,KYMYURN,21171,KY
Montgomery,TNMONT5URN,21173,KY
Morgan,KYMORG5URN,21175,KY
Muhlenberg,KYMHURN,21177,KY
Nelson,KYNEURN,21179,KY
Nicholas,KYNICH1URN,21181,KY
Ohio,OHHAMI1URN,21183,KY
Oldham,KYOLURN,21185,KY
Owen,KYOWURN,21187,KY
Owsley,KYOWSL9URN,21189,KY
Pendleton,KYPEND1URN,21191,KY
Perry,KYPERR3URN,21193,KY
Pike,KYPIKE0URN,21195,KY
Powell,KYPOWE7URN,21197,KY
Pulaski,KYPULA9URN,21199,KY
Robertson,KYROBE1URN,21201,KY
Rockcastle,KYROCK3URN,21203,KY
Rowan,KYROWA5URN,21205,KY
Russell,KYRUURN,21207,KY
Scott,KYSCOT9URN,21209,KY
Shelby,KYSHURN,21211,KY
Simpson,KYSIURN,21213,KY
Grant,MNGRAN1URN,27051,MN
Hennepin,MNHENN3URN,27053,MN
Houston,MNHOUS5URN,27055,MN
Hubbard,MNHUBB7URN,27057,MN
Isanti,MNISAN9URN,27059,MN
Itasca,MNITAS1URN,27061,MN
Jackson,MNJACK3URN,27063,MN
Kanabec,MNKANA5URN,27065,MN
Kandiyohi,MNKAND7URN,27067,MN
Kittson,MNKITT9URN,27069,MN
Koochiching,MNKOOC1URN,27071,MN
Lac qui Parle,MNLACQ3URN,27073,MN
Lake,MNREDL5URN,27075,MN
Lake of the Woods,MNLAKE7URN,27077,MN
Le Sueur,MNLESU9URN,27079,MN
Lincoln,MNLINC1URN,27081,MN
Lyon,MNLYON3URN,27083,MN
McLeod,MNMCLE5URN,27085,MN
Mahnomen,MNMAHN7URN,27087,MN
Marshall,MNMARS9URN,27089,MN
Martin,MNMART1URN,27091,MN
Meeker,MNMEEK3URN,27093,MN
Mille Lacs,MNMILL5URN,27095,MN
Morrison,MNMORR7URN,27097,MN
Mower,MNMOWE9URN,27099,MN
Cimarron,OKCIMA5URN,40025,OK
Cleveland,OKCLEV7URN,40027,OK
Coal,OKCOAL9URN,40029,OK
Comanche,OKCOMA2URN,40031,OK
Cotton,OKCOTT3URN,40033,OK
Craig,OKCRAI5URN,40035,OK
Creek,OKCREE5URN,40037,OK
Custer,OKCUST9URN,40039,OK
Delaware,OKDELA1URN,40041,OK
Dewey,OKDEWE3URN,40043,OK
Ellis,OKELLI5URN,40045,OK
Garfield,OKGARF7URN,40047,OK
Garvin,OKGARV9URN,40049,OK
Grady,OKGRAD1URN,40051,OK
Grant,OKGRAN3URN,40053,OK
Greer,OKGREE5URN,40055,OK
Harmon,OKHARM7URN,40057,OK
Harper,OKHARP9URN,40059,OK
Haskell,OKHASK1URN,40061,OK
Hughes,OKHUGH3URN,40063,OK
Jackson,OKJACK5URN,40065,OK
Jefferson,OKJEFF7URN,40067,OK
Johnston,OKJOHN9URN,40069,OK
Kay,OKKAYC1URN,40071,OK
Kingfisher,OKKING3URN,40073,OK
Kiowa,OKKIOW5URN,40075,OK
Latimer,OKLATI7URN,40077,OK
Le Flore,OKLEFL9URN,40079,OK
Lincoln,OKLINC1URN,40081,OK
Logan,OKLOGA3URN,40083,OK
Love,OKLOVE5URN,40085,OK
McClain,OKMCCL7URN,40087,OK
McCurtain,OKMCCU9URN,40089,OK
McIntosh,OKMCIN1URN,40091,OK
Major,OKMAJO3URN,40093,OK
Marshall,OKMARS5URN,40095,OK
Mayes,OKMAYE7URN,40097,OK
Murray,OKMURR9URN,40099,OK
Muskogee,OKMUSK0URN,40101,OK
Noble,OKNOBL3URN,40103,OK
Nowata,OKNOWA5URN,40105,OK
Okfuskee,OKOKFU7URN,40107,OK
Oklahoma,OKTULS3URN,40109,OK
Okmulgee,OKOKMU1URN,40111,OK
Osage,OKOSAG3URN,40113,OK
Ottawa,OKOTTA5URN,40115,OK
Pawnee,OKPAWN7URN,40117,OK
Payne,OKPAYN0URN,40119,OK
Pittsburg,OKPITT1URN,40121,OK
Pontotoc,OKPONT3URN,40123,OK
Pottawatomie,OKPOTT0URN,40125,OK
Pushmataha,OKPUSH7URN,40127,OK
Roger Mills,OKROGE9URN,40129,OK
Rogers,OKROGE1URN,40131,OK
Seminole,OKSEMI3URN,40133,OK
Sequoyah,OKSEQU5URN,40135,OK
Stephens,OKSTEP7URN,40137,OK
Texas,OKTEXA9URN,40139,OK
Tillman,OKTILL1URN,40141,OK
Tulsa,OKTULS3URN,40143,OK
Wagoner,OKWAGO5URN,40145,OK
Washington,OKWASH7URN,40147,OK
Washita,OKWASH9URN,40149,OK
Woods,OKWOOD1URN,40151,OK
Woodward,OKWOOD3URN,40153,OK
Baker,ORBAKE1URN,41001,OR
Benton,ORBENT3URN,41003,OR
Clackamas,ORCLAC5URN,41005,OR
Clatsop,ORCLAT7URN,41007,OR
Columbia,ORCOLU9URN,41009,OR
Coos,ORCOOS1URN,41011,OR
Crook,ORCROO3URN,41013,OR
Curry,ORCURR5URN,41015,OR
Deschutes,ORDESC7URN,41017,OR
Douglas,ORDOUG5URN,41019,OR
Gilliam,ORGILL1URN,41021,OR
Grant,ORGRAN3URN,41023,OR
Harney,ORHARN5URN,41025,OR
Hood River,ORHOOD7URN,41027,OR
Jackson,ORJACK0URN,41029,OR
Jefferson,ORJEFF1URN,41031,OR
Josephine,ORJOSE5URN,41033,OR
Klamath,ORKLAM5URN,41035,OR
Lake,ORLAKE7URN,41037,OR
Lane,ORLANE9URN,41039,OR
Lincoln,ORLINC1URN,41041,OR
Linn,ORLINN3URN,41043,OR
Malheur,ORMALH5URN,41045,OR
Marion,ORMARI7URN,41047,OR
Morrow,ORMORR9URN,41049,OR
Multnomah,ORMULT1URN,41051,OR
Polk,ORPOLK3URN,41053,OR
Sherman,ORSHER5URN,41055,OR
Tillamook,ORTILL7URN,41057,OR
Umatilla,ORUMAT9URN,41059,OR
Union,ORUNIO1URN,41061,OR
Wallowa,ORWALL3URN,41063,OR
Wasco,ORWASC5URN,41065,OR
Washington,ORWASH5URN,41067,OR
Wheeler,ORWHEE9URN,41069,OR
Yamhill,ORYAMH0URN,41071,OR
Adams,PAADAM0URN,42001,PA
Allegheny,PAALLE3URN,42003,PA
Armstrong,PAARMS5URN,42005,PA
Beaver,PABEAV7URN,42007,PA
Bedford,PABEDF9URN,42009,PA
Berks,PABERK2URN,42011,PA
Blair,PABLAI3URN,42013,PA
Bradford,PABRAD5URN,42015,PA
Bucks,PABUCK5URN,42017,PA
Butler,PABUTL0URN,42019,PA
Cambria,PACAMB5URN,42021,PA
Cameron,PACAME3URN,42023,PA
Carbon,PACARB5URN,42025,PA
Centre,PACENT0URN,42027,PA
Chester,PACHES5URN,42029,PA
Day,SDBROO1URN,46037,SD
Deuel,SDDEUE9URN,46039,SD
Dewey,SDDEWE1URN,46041,SD
Douglas,SDDOUG3URN,46043,SD
Murray,MNMURR1URN,27101,MN
Nicollet,MNNICO3URN,27103,MN
Nobles,MNNOBL5URN,27105,MN
Norman,MNNORM7URN,27107,MN
Olmsted,MNOLMS9URN,27109,MN
Otter Tail,MNOTTE5URN,27111,MN
Pennington,MNPENN3URN,27113,MN
Pine,MNPINE5URN,27115,MN
Pipestone,MNPIPE7URN,27117,MN
Polk,MNPOLK9URN,27119,MN
Pope,MNPOPE1URN,27121,MN
Ramsey,MNRAMS3URN,27123,MN
Red Lake,MNREDL5URN,27125,MN
Redwood,MNREDW7URN,27127,MN
Renville,MNRENV9URN,27129,MN
Rice,MNRICE1URN,27131,MN
Rock,MNROCK3URN,27133,MN
Roseau,MNROSE5URN,27135,MN
St. Louis,MNSTLO7URN,27137,MN
Scott,MNSCOT9URN,27139,MN
Sherburne,MNSHER1URN,27141,MN
Sibley,MNSIBL3URN,27143,MN
Stearns,MNSTEA5URN,27145,MN
Steele,MNSTEE7URN,27147,MN
Stevens,MNSTEV9URN,27149,MN
Swift,MNSWIF1URN,27151,MN
Todd,MNTODD3URN,27153,MN
Traverse,MNTRAV5URN,27155,MN
Wabasha,MNWABA7URN,27157,MN
Wadena,MNWADE9URN,27159,MN
Waseca,MNWASE1URN,27161,MN
Washington,MNWASH5URN,27163,MN
Watonwan,MNWATO5URN,27165,MN
Wilkin,MNWILK7URN,27167,MN
Winona,MNWINO9URN,27169,MN
Wright,MNWRIG0URN,27171,MN
Yellow Medicine,MNYELL3URN,27173,MN
Adams,MSADAM1URN,28001,MS
Alcorn,MSALURN,28003,MS
Amite,MSAMIT5URN,28005,MS
Attala,MSATURN,28007,MS
Benton,MSBEURN,28009,MS
Bolivar,MSBOURN,28011,MS
Calhoun,MSCAURN,28013,MS
Carroll,MSCRURN,28015,MS
Chickasaw,MSCHURN,28017,MS
Choctaw,MSCOURN,28019,MS
Claiborne,MSCLAI1URN,28021,MS
Clarke,MSCLAR3URN,28023,MS
Clay,MSCYURN,28025,MS
Coahoma,MSCMURN,28027,MS
Laclede,MOLAURN,29105,MO
Lafayette,MOLAFA7URN,29107,MO
Lawrence,MOLWURN,29109,MO
Lewis,MOLEURN,29111,MO
Lincoln,MOLIURN,29113,MO
Linn,MOLINN5URN,29115,MO
Livingston,MOLIVI7URN,29117,MO
McDonald,MOMCDO9URN,29119,MO
Macon,MOMAURN,29121,MO
Madison,ILMDURN,29123,MO
Maries,MOMRURN,29125,MO
Marion,MOMIURN,29127,MO
Mercer,MOMERC9URN,29129,MO
Miller,MOMLURN,29131,MO
Mississippi,MOMSURN,29133,MO
Moniteau,MOMOURN,29135,MO
Monroe,ILMYURN,29137,MO
Montgomery,MOMTURN,29139,MO
Morgan,MOMORG1URN,29141,MO
Custer,NECUST1URN,31041,NE
Dakota,NEDAKO3URN,31043,NE
Dawes,NEDAWE5URN,31045,NE
Dawson,NEDAWS7URN,31047,NE
Deuel,NEDEUE9URN,31049,NE
Dixon,NEDIXO1URN,31051,NE
Dodge,NEDODG3URN,31053,NE
Douglas,NEDOUG5URN,31055,NE
Dundy,NEDUND7URN,31057,NE
Fillmore,NEFILL9URN,31059,NE
Franklin,NEFRAN1URN,31061,NE
Frontier,NEFRON3URN,31063,NE
Furnas,NEFURN5URN,31065,NE
Gage,NEGAGE7URN,31067,NE
Garden,NEGARD9URN,31069,NE
Garfield,NEGARF1URN,31071,NE
Gosper,NEGOSP3URN,31073,NE
Grant,NEGRAN5URN,31075,NE
Greeley,NEGREE7URN,31077,NE
Hall,NEHALL9URN,31079,NE
Hamilton,NEHAMI1URN,31081,NE
Harlan,NEHARL3URN,31083,NE
Hayes,NEHAYE5URN,31085,NE
Hitchcock,NEHITC7URN,31087,NE
Holt,NEHOLT9URN,31089,NE
Hooker,NEHOOK1URN,31091,NE
Howard,NEHOWA3URN,31093,NE
Jefferson,NEJEFF5URN,31095,NE
Johnson,NEJOHN7URN,31097,NE
Kearney,NEKEAR9URN,31099,NE
Keith,NEKEIT1URN,31101,NE
Keya Paha,NEKEYA3URN,31103,NE
Kimball,NEKIMB5URN,31105,NE
Knox,NEKNOX7URN,31107,NE
Lancaster,NELANC9URN,31109,NE
Lincoln,NELANC9URN,31111,NE
Logan,NELOGA3URN,31113,NE
Loup,NELOUP5URN,31115,NE
McPherson,NEMCPH7URN,31117,NE
Madison,NEMADI9URN,31119,NE
Merrick,NEMERR1URN,31121,NE
Morrill,NEMORR3URN,31123,NE
Nance,NENANC5URN,31125,NE
Nemaha,NENEMA7URN,31127,NE
Washoe,NVWASH7URN,32031,NV
White Pine,NVWHIT3URN,32033,NV
Carson City,NVCARS0URN,32510,NV
Belknap,NHBELK1URN,33001,NH
Carroll,NHCARR3URN,33003,NH
Cheshire,NHCHES5URN,33005,NH
Coos,NHCOOS7URN,33007,NH
Grafton,NHGRAF0URN,33009,NH
Hillsborough,NHHILL5URN,33011,NH
Wyandot,OHWYAN5URN,39175,OH
Adair,OKADAI1URN,40001,OK
Alfalfa,OKALFA3URN,40003,OK
Atoka,OKATOK5URN,40005,OK
Beaver,OKBEAV7URN,40007,OK
Beckham,OKBECK9URN,40009,OK
Blaine,OKBLAI1URN,40011,OK
Bryan,OKBRYA3URN,40013,OK
Caddo,OKCADD5URN,40015,OK
Canadian,OKCANA7URN,40017,OK
Carter,OKCART9URN,40019,OK
Cherokee,OKCHER1URN,40021,OK
Choctaw,OKCHOC3URN,40023,OK
Edmunds,SDEDMU5URN,46045,SD
Fall River,SDFALL7URN,46047,SD
Faulk,SDFAUL9URN,46049,SD
Grant,SDGRAN1URN,46051,SD
Gregory,SDGREG3URN,46053,SD
Haakon,SDHAAK5URN,46055,SD
Hamlin,SDHAML7URN,46057,SD
Hand,SDHAND9URN,46059,SD
Hanson,SDHANS1URN,46061,SD
Harding,SDHARD3URN,46063,SD
Hughes,SDHUGH5URN,46065,SD
Hutchinson,SDHUTC7URN,46067,SD
Hyde,SDHYDE9URN,46069,SD
Jackson,SDJACK1URN,46071,SD
Jerauld,SDJERA3URN,46073,SD
Jones,SDJONE5URN,46075,SD
Kingsbury,SDKING7URN,46077,SD
Lake,SDLAKE9URN,46079,SD
Lawrence,SDLAWR1URN,46081,SD
Lincoln,SDLINC3URN,46083,SD
Lyman,SDLYMA5URN,46085,SD
McCook,SDMCCO7URN,46087,SD
McPherson,SDMCPH9URN,46089,SD
Marshall,SDMARS1URN,46091,SD
Meade,SDMEAD3URN,46093,SD
Mellette,SDMELL5URN,46095,SD
Miner,SDMINE7URN,46097,SD
Minnehaha,SDMINN9URN,46099,SD
Moody,SDMOOD1URN,46101,SD
Oglala Lakota,LAUCN461020000000003,46102,SD
Pennington,SDPENN3URN,46103,SD
Perkins,SDPERK5URN,46105,SD
Potter,SDPOTT7URN,46107,SD
Roberts,SDROBE9URN,46109,SD
Sanborn,SDSANB1URN,46111,SD
Spink,SDSPIN5URN,46115,SD
Stanley,SDSTAN7URN,46117,SD
Sully,SDSULL9URN,46119,SD
Todd,SDTODD1URN,46121,SD
Tripp,SDTRIP3URN,46123,SD
Turner,SDTURN5URN,46125,SD
Union,SDUNIO7URN,46127,SD
Walworth,SDWALW9URN,46129,SD
Yankton,SDYANK5URN,46135,SD
Ziebach,SDZIEB7URN,46137,SD
Anderson,TNANDE5URN,47001,TN
Bedford,TNBEDF3URN,47003,TN
Benton,TNBNURN,47005,TN
Bledsoe,TNBLED7URN,47007,TN
Blount,TNBLOU0URN,47009,TN
Bradley,TNBRAD5URN,47011,TN
Campbell,TNCAMP3URN,47013,TN
Cannon,TNCANN5URN,47015,TN
Carroll,TNCRURN,47017,TN
Carter,TNCART0URN,47019,TN
Cheatham,TNCHEA1URN,47021,TN
Chester,TNCEURN,47023,TN
Claiborne,TNCLAI5URN,47025,TN
Clay,TNCLAY7URN,47027,TN
Cocke,TNCOCK9URN,47029,TN
Coffee,TNCOFF1URN,47031,TN
Crockett,TNCCURN,47033,TN
Cumberland,TNCUMB5URN,47035,TN
Davidson,TNWILL0URN,47037,TN
Decatur,TNDEURN,47039,TN
DeKalb,TNDEKA1URN,47041,TN
Dickson,TNDICK3URN,47043,TN
Dyer,TNDYURN,47045,TN
Fayette,TNFAURN,47047,TN
Fentress,TNFENT9URN,47049,TN
Franklin,TNWILL0URN,47051,TN
Gibson,TNGIURN,47053,TN
Giles,TNGILE5URN,47055,TN
Grainger,TNGRAI7URN,47057,TN
Greene,TNGREE5URN,47059,TN
Grundy,TNGRUN1URN,47061,TN
Hamblen,TNHAMB3URN,47063,TN
Hamilton,TNHAMI5URN,47065,TN
Hancock,TNHANC7URN,47067,TN
Hardeman,TNHRURN,47069,TN
Hardin,TNHDURN,47071,TN
Hawkins,TNHAWK3URN,47073,TN
Haywood,TNHYURN,47075,TN
Henderson,TNHEURN,47077,TN
Henry,TNHCURN,47079,TN
Pecos,TXPECO1URN,48371,TX
Polk,TXPOLK3URN,48373,TX
Potter,TXPOTT5URN,48375,TX
Presidio,TXPRES7URN,48377,TX
Brunswick,VABRUN5URN,51025,VA
Buchanan,VABUCH7URN,51027,VA
Buckingham,VABUCK9URN,51029,VA
Campbell,VACAMP0URN,51031,VA
Caroline,VACARO3URN,51033,VA
Carroll,VACARR5URN,51035,VA
Charles City,VACHAR6URN,51036,VA
Charlotte,VACHAR7URN,51037,VA
Berkeley,WVBERK3URN,54003,WV
Boone,WVBOON5URN,54005,WV
Braxton,WVBRAX7URN,54007,WV
Brooke,WVBROO9URN,54009,WV
Cabell,WVCABE1URN,54011,WV
Calhoun,WVCALH3URN,54013,WV
Clay,WVCLAY5URN,54015,WV
Doddridge,WVDODD7URN,54017,WV
Fayette,WVFAYE5URN,54019,WV
Gilmer,WVGILM1URN,54021,WV
Grant,WVGRAN3URN,54023,WV
Greenbrier,WVGREE5URN,54025,WV
Hampshire,WVHAMP7URN,54027,WV
Hancock,WVHANC9URN,54029,WV
Hardy,WVHARD1URN,54031,WV
Harrison,WVHARR5URN,54033,WV
Jackson,WVJACK5URN,54035,WV
Jefferson,WVJEFF7URN,54037,WV
Kanawha,WVKANA9URN,54039,WV
Lewis,WVLEWI1URN,54041,WV
Lincoln,WVLINC3URN,54043,WV
Logan,WVLOGA0URN,54045,WV
McDowell,WVMCDO5URN,54047,WV
Marion,WVMARI0URN,54049,WV
Marshall,WVMARS1URN,54051,WV
Mason,WVMASO3URN,54053,WV
Mercer,WVMERC0URN,54055,WV
Mineral,WVMINE7URN,54057,WV
Mingo,WVMING9URN,54059,WV
Monongalia,WVMONO5URN,54061,WV
Monroe,WVMONR3URN,54063,WV
Morgan,WVMORG5URN,54065,WV
Nicholas,WVNICH7URN,54067,WV
Ohio,OHLAWR5URN,54069,WV
Pendleton,WVPEND1URN,54071,WV
Pleasants,WVPLEA3URN,54073,WV
Pocahontas,WVPOCA5URN,54075,WV
Preston,WVPRES7URN,54077,WV
Putnam,WVPUTN9URN,54079,WV
Raleigh,WVRALE5URN,54081,WV
Randolph,WVRAND3URN,54083,WV
Ritchie,WVRITC5URN,54085,WV
Roane,WVROAN7URN,54087,WV
Summers,WVSUMM9URN,54089,WV
Taylor,WVTAYL1URN,54091,WV
Tucker,WVTUCK3URN,54093,WV
Tyler,WVTYLE5URN,54095,WV
Upshur,WVUPSH7URN,54097,WV
Wayne,WVWAYN9URN,54099,WV
Webster,WVWEBS1URN,54101,WV
Wetzel,WVWETZ3URN,54103,WV
Wirt,WVWIRT5URN,54105,WV
Wood,WVWOOD0URN,54107,WV
Wyoming,WVWYOM9URN,54109,WV
Adams,WIADAM1URN,55001,WI
Ashland,WIASHL3URN,55003,WI
Barron,WIBARR5URN,55005,WI
Bayfield,WIBAYF7URN,55007,WI
Brown,WIBROW9URN,55009,WI
Buffalo,WIBUFF1URN,55011,WI
Burnett,WIBURN3URN,55013,WI
Calumet,WICALU5URN,55015,WI
Chippewa,WICHIP7URN,55017,WI
Clark,WICLAR9URN,55019,WI
Columbia,WICOLU1URN,55021,WI
Crawford,WICRAW3URN,55023,WI
Dane,WIDANE5URN,55025,WI
Dodge,WIDODG5URN,55027,WI
Door,WIDOOR9URN,55029,WI
Douglas,WIDOUG1URN,55031,WI
Dunn,WIDUNN3URN,55033,WI
Eau Claire,WIEAUC5URN,55035,WI
Florence,WIFLOR7URN,55037,WI
Fond du Lac,WIFOND0URN,55039,WI
Forest,WIFORE1URN,55041,WI
Grant,WIGRAN0URN,55043,WI
Green,WIBROW9URN,55045,WI
Green Lake,WIGREE7URN,55047,WI
Iowa,WIIOWA9URN,55049,WI
Iron,WIIRON1URN,55051,WI
Jackson,WIJACK3URN,55053,WI
Jefferson,WIJEFF0URN,55055,WI
Juneau,WIJUNE7URN,55057,WI
Kenosha,ILCOOK1URN,55059,WI
Nuckolls,NENUCK9URN,31129,NE
Otoe,NEOTOE1URN,31131,NE
Pawnee,NEPAWN3URN,31133,NE
Perkins,NEPERK5URN,31135,NE
Phelps,NEPHEL7URN,31137,NE
Pierce,NEPIER9URN,31139,NE
Platte,NEPLAT1URN,31141,NE
Polk,NEPOLK3URN,31143,NE
Red Willow,NEREDW5URN,31145,NE
Richardson,NERICH7URN,31147,NE
Rock,NEROCK9URN,31149,NE
Saline,NESALI1URN,31151,NE
Sarpy,NESARP5URN,31153,NE
Saunders,NESAUN5URN,31155,NE
Scotts Bluff,NESCOT7URN,31157,NE
Seward,NESEWA9URN,31159,NE
Sheridan,NESHER1URN,31161,NE
Sherman,NESHER3URN,31163,NE
Sioux,IAWOOD0URN,31165,NE
Stanton,NESTAN7URN,31167,NE
Thayer,NETHAY9URN,31169,NE
Thomas,NETHOM1URN,31171,NE
Thurston,NETHUR3URN,31173,NE
Valley,NEVALL5URN,31175,NE
Washington,NEWASH7URN,31177,NE
Wayne,NEWAYN9URN,31179,NE
Webster,NEWEBS1URN,31181,NE
Wheeler,NEWHEE3URN,31183,NE
York,NEYORK5URN,31185,NE
Churchill,NVCHUR1URN,32001,NV
Clark,NVCLAR3URN,32003,NV
Douglas,NVDOUG5URN,32005,NV
Elko,NVELKO7URN,32007,NV
Esmeralda,NVESME9URN,32009,NV
Eureka,NVEURE1URN,32011,NV
Humboldt,NVHUMB3URN,32013,NV
Lander,NVLAND5URN,32015,NV
Lincoln,NVLINC7URN,32017,NV
Lyon,NVLYON9URN,32019,NV
Mineral,NVMINE1URN,32021,NV
Nye,NVNYEC3URN,32023,NV
Pershing,NVPERS7URN,32027,NV
Storey,NVSTOR9URN,32029,NV
Chesterfield,VACHES5URN,51041,VA
Clarke,VACLAR3URN,51043,VA
Craig,VACRAI5URN,51045,VA
Culpeper,VACULP7URN,51047,VA
Cumberland,VACUMB9URN,51049,VA
Dickenson,VADICK1URN,51051,VA
Dinwiddie,VADINW3URN,51053,VA
Essex,VAESSE7URN,51057,VA
Fairfax,VAFAIR5URN,51059,VA
Fauquier,VAFAUQ1URN,51061,VA
Floyd,VAFLOY3URN,51063,VA
Fluvanna,VAFLUV5URN,51065,VA
Franklin,VAFRAN7URN,51067,VA
Frederick,MDFRED5URN,51069,VA
Giles,VAGILE1URN,51071,VA
Gloucester,VAGLOU3URN,51073,VA
Goochland,VAGOOC5URN,51075,VA
Grayson,VAGRAY7URN,51077,VA
Greene,VAGREE9URN,51079,VA
Greensville,VAGREE1URN,51081,VA
Halifax,VAHALI3URN,51083,VA
Hanover,VAHANO6URN,51085,VA
Henrico,VAHENR0URN,51087,VA
Henry,VAHENR5URN,51089,VA
Highland,VAHIGH1URN,51091,VA
Isle of Wight,VAISLE3URN,51093,VA
James City,VAJAME5URN,51095,VA
King and Queen,VAKING7URN,51097,VA
King George,VAKING9URN,51099,VA
King William,VAKING1URN,51101,VA
Lancaster,VALANC3URN,51103,VA
Lee,VALEEC5URN,51105,VA
Loudoun,VALOUD5URN,51107,VA